-- phpMyAdmin SQL Dump
-- version 4.5.1
-- http://www.phpmyadmin.net
--
-- Host: 127.0.0.1
-- Czas generowania: 27 Kwi 2017, 15:45
-- Wersja serwera: 10.1.19-MariaDB
-- Wersja PHP: 5.6.28

SET SQL_MODE = "NO_AUTO_VALUE_ON_ZERO";
SET time_zone = "+00:00";


/*!40101 SET @OLD_CHARACTER_SET_CLIENT=@@CHARACTER_SET_CLIENT */;
/*!40101 SET @OLD_CHARACTER_SET_RESULTS=@@CHARACTER_SET_RESULTS */;
/*!40101 SET @OLD_COLLATION_CONNECTION=@@COLLATION_CONNECTION */;
/*!40101 SET NAMES utf8mb4 */;

--
-- Baza danych: `ci-insurance-agency-app`
--

-- --------------------------------------------------------

--
-- Struktura tabeli dla tabeli `clients`
--

CREATE TABLE `clients` (
  `cl_id` int(11) UNSIGNED NOT NULL,
  `cl_name` varchar(255) CHARACTER SET utf8 COLLATE utf8_polish_ci NOT NULL,
  `cl_address` varchar(255) CHARACTER SET utf8 COLLATE utf8_polish_ci NOT NULL,
  `cl_email` varchar(255) CHARACTER SET utf8 COLLATE utf8_polish_ci NOT NULL,
  `cl_phone` int(11) NOT NULL,
  `cl_identity` varchar(255) NOT NULL,
  `cl_notice` text CHARACTER SET utf8 COLLATE utf8_polish_ci,
  `cl_process` varchar(255) NOT NULL DEFAULT 'Brak zgody' COMMENT 'zgoda na przetwarzanie danych',
  `cl_created_at` datetime DEFAULT NULL,
  `cl_created_by` int(11) UNSIGNED DEFAULT NULL,
  `cl_updated_at` datetime DEFAULT NULL,
  `cl_updated_by` int(10) UNSIGNED DEFAULT NULL,
  `cl_deleted_at` datetime DEFAULT NULL,
  `cl_deleted_by` int(11) UNSIGNED DEFAULT NULL,
  `cl_us_id` int(11) UNSIGNED NOT NULL
) ENGINE=InnoDB DEFAULT CHARSET=latin1;

--
-- Zrzut danych tabeli `clients`
--

INSERT INTO `clients` (`cl_id`, `cl_name`, `cl_address`, `cl_email`, `cl_phone`, `cl_identity`, `cl_notice`, `cl_process`, `cl_created_at`, `cl_created_by`, `cl_updated_at`, `cl_updated_by`, `cl_deleted_at`, `cl_deleted_by`, `cl_us_id`) VALUES
(22, 'Daru Darecki', '27 Stycznia 26A, 41-922 Radzionków', 'd.wojcicki@interia.pl', 509533515, '79110701499', 'Taki se chopek roztropek', 'Brak zgody', '2017-04-27 14:16:00', 1, NULL, NULL, NULL, NULL, 1),
(23, 'TECHNET.SYSTEMS Dariusz Wójcicki', '27 Stycznia 26A, 41-922 Radzionków', 'wojcicki@technet.systems', 509533515, 'n6482308543', 'Ten Klient jest też u nas Klientem prywatnym', 'Jest zgoda', '2017-04-27 14:17:26', 1, '2017-04-27 14:17:45', 1, NULL, NULL, 1),
(24, 'Pola Manola', 'Klonowa 2A, 40-800 Zabrze', 'manola@smoczek.pl', 123456789, '20050801499', 'Najlepszejsza Klientka', 'Brak zgody', '2017-04-27 14:20:15', 1, '2017-04-27 14:38:13', 1, NULL, NULL, 1);

-- --------------------------------------------------------

--
-- Struktura tabeli dla tabeli `companies`
--

CREATE TABLE `companies` (
  `co_id` int(11) UNSIGNED NOT NULL,
  `co_name` varchar(255) CHARACTER SET utf8 COLLATE utf8_polish_ci NOT NULL,
  `co_notice` text CHARACTER SET utf8 COLLATE utf8_polish_ci NOT NULL,
  `co_created_at` datetime DEFAULT NULL,
  `co_created_by` int(11) UNSIGNED DEFAULT NULL,
  `co_updated_at` datetime DEFAULT NULL,
  `co_updated_by` int(10) UNSIGNED DEFAULT NULL,
  `co_deleted_at` datetime DEFAULT NULL,
  `co_deleted_by` int(11) UNSIGNED DEFAULT NULL,
  `co_us_id` int(11) UNSIGNED NOT NULL
) ENGINE=InnoDB DEFAULT CHARSET=latin1;

--
-- Zrzut danych tabeli `companies`
--

INSERT INTO `companies` (`co_id`, `co_name`, `co_notice`, `co_created_at`, `co_created_by`, `co_updated_at`, `co_updated_by`, `co_deleted_at`, `co_deleted_by`, `co_us_id`) VALUES
(20, 'PZU', '', '2017-04-27 14:29:12', 1, NULL, NULL, NULL, NULL, 1),
(21, 'HESTIA', '', '2017-04-27 14:30:36', 1, NULL, NULL, NULL, NULL, 1);

-- --------------------------------------------------------

--
-- Struktura tabeli dla tabeli `insurances`
--

CREATE TABLE `insurances` (
  `in_id` int(11) UNSIGNED NOT NULL,
  `in_co_name` varchar(255) CHARACTER SET utf8 COLLATE utf8_polish_ci NOT NULL,
  `in_pr_name` varchar(255) CHARACTER SET utf8 COLLATE utf8_polish_ci NOT NULL,
  `in_identity` varchar(255) CHARACTER SET utf8 COLLATE utf8_polish_ci NOT NULL,
  `in_fdate` date NOT NULL,
  `in_ldate` date NOT NULL,
  `in_link` varchar(255) CHARACTER SET utf8 COLLATE utf8_polish_ci NOT NULL,
  `in_link_description` text CHARACTER SET utf8 COLLATE utf8_polish_ci NOT NULL,
  `in_notice` text CHARACTER SET utf8 COLLATE utf8_polish_ci NOT NULL,
  `in_process` varchar(255) NOT NULL DEFAULT 'Brak zgody',
  `in_send_sms` tinyint(1) NOT NULL DEFAULT '0',
  `in_send_email` tinyint(1) NOT NULL DEFAULT '0',
  `in_call_done` tinyint(1) NOT NULL DEFAULT '0',
  `in_reminder` tinyint(1) NOT NULL DEFAULT '1',
  `in_created_at` datetime DEFAULT NULL,
  `in_created_by` int(11) UNSIGNED DEFAULT NULL,
  `in_updated_at` datetime DEFAULT NULL,
  `in_updated_by` int(10) UNSIGNED DEFAULT NULL,
  `in_deleted_at` datetime DEFAULT NULL,
  `in_deleted_by` int(11) UNSIGNED DEFAULT NULL,
  `in_co_id` int(11) UNSIGNED NOT NULL,
  `in_pr_id` int(11) UNSIGNED NOT NULL,
  `in_cl_id` int(11) UNSIGNED NOT NULL,
  `in_us_id` int(11) UNSIGNED NOT NULL
) ENGINE=InnoDB DEFAULT CHARSET=latin1;

--
-- Zrzut danych tabeli `insurances`
--

INSERT INTO `insurances` (`in_id`, `in_co_name`, `in_pr_name`, `in_identity`, `in_fdate`, `in_ldate`, `in_link`, `in_link_description`, `in_notice`, `in_process`, `in_send_sms`, `in_send_email`, `in_call_done`, `in_reminder`, `in_created_at`, `in_created_by`, `in_updated_at`, `in_updated_by`, `in_deleted_at`, `in_deleted_by`, `in_co_id`, `in_pr_id`, `in_cl_id`, `in_us_id`) VALUES
(111, 'PZU', 'OC Auto', 'Bobby car', '2017-04-27', '2017-05-05', '3c23ee6b707c57b3e9a90917e9da84e0.JPG', 'To je chrum Poli', 'Klientka chce przypomnień', 'Jest zgoda', 1, 1, 0, 0, '2017-04-27 14:35:34', 1, '2017-04-27 15:37:45', 1, '2017-04-27 15:38:23', NULL, 20, 73, 24, 1),
(112, 'HESTIA', 'Chorobowe', 'Na apsiki', '2017-04-04', '2017-07-21', 'a528f10c01f80e0fe3e9e96591af7249.pdf', 'Opis załącznika', 'Uwagi do załącznika', 'Brak zgody', 0, 0, 0, 1, '2017-04-27 14:38:47', 1, NULL, NULL, NULL, NULL, 21, 80, 24, 1),
(113, 'HESTIA', 'AC Auto', 'Opel Astra G', '2017-04-10', '2017-04-28', '5396a7f2cddb18fe67dd1b6897fa04a5.pdf', 'Umowa polisowa', 'Uwagi do pilsy', 'Brak zgody', 0, 0, 0, 1, '2017-04-27 14:39:44', 1, NULL, NULL, '2017-04-27 14:40:07', NULL, 21, 79, 22, 1),
(114, 'HESTIA', 'Dom', 'Na naszą chawirę', '2017-04-03', '2017-09-18', '7b3a998a02a7f3d921b5a6fff8afcaa6.JPG', '', '', 'Jest zgoda', 0, 0, 0, 1, '2017-04-27 14:50:05', 1, '2017-04-27 15:39:27', NULL, NULL, NULL, 21, 82, 22, 1);

-- --------------------------------------------------------

--
-- Struktura tabeli dla tabeli `messages`
--

CREATE TABLE `messages` (
  `me_id` int(11) UNSIGNED NOT NULL,
  `me_header` varchar(255) COLLATE utf8_polish_ci NOT NULL,
  `me_text` text COLLATE utf8_polish_ci,
  `me_type` varchar(10) COLLATE utf8_polish_ci NOT NULL,
  `me_created_at` datetime DEFAULT NULL,
  `me_created_by` int(11) UNSIGNED DEFAULT NULL,
  `me_updated_at` datetime DEFAULT NULL,
  `me_updated_by` int(10) UNSIGNED DEFAULT NULL,
  `me_deleted_at` datetime DEFAULT NULL,
  `me_deleted_by` int(11) UNSIGNED DEFAULT NULL,
  `me_us_id` int(11) UNSIGNED NOT NULL
) ENGINE=InnoDB DEFAULT CHARSET=utf8 COLLATE=utf8_polish_ci;

--
-- Zrzut danych tabeli `messages`
--

INSERT INTO `messages` (`me_id`, `me_header`, `me_text`, `me_type`, `me_created_at`, `me_created_by`, `me_updated_at`, `me_updated_by`, `me_deleted_at`, `me_deleted_by`, `me_us_id`) VALUES
(10, 'PRESTIGE - przypomnienie o kończącej się umowie', 'Szanowny Państwo, w dniu XXXX kończy się umowa na XXXX. Zapraszamy do jej przedłużenia. Zespół PRESTIGE :)', 'email', '2017-04-27 14:41:40', 1, NULL, NULL, NULL, NULL, 1),
(11, 'Zespół PRESTIGE', 'Zapraszamy do przedłużenia umowy na XXXX, która kończy się w dniu XXXX.', 'sms', '2017-04-27 14:42:09', 1, NULL, NULL, NULL, NULL, 1);

-- --------------------------------------------------------

--
-- Struktura tabeli dla tabeli `outbox`
--

CREATE TABLE `outbox` (
  `ou_id` int(11) UNSIGNED NOT NULL,
  `ou_header` varchar(255) COLLATE utf8_polish_ci NOT NULL,
  `ou_text` text COLLATE utf8_polish_ci,
  `ou_type` varchar(10) COLLATE utf8_polish_ci NOT NULL,
  `ou_created_at` datetime DEFAULT NULL,
  `ou_created_by` int(11) UNSIGNED DEFAULT NULL,
  `ou_updated_at` datetime DEFAULT NULL,
  `ou_updated_by` int(10) UNSIGNED DEFAULT NULL,
  `ou_deleted_at` datetime DEFAULT NULL,
  `ou_deleted_by` int(11) UNSIGNED DEFAULT NULL,
  `ou_cl_id` int(11) UNSIGNED NOT NULL,
  `ou_in_id` int(11) UNSIGNED NOT NULL,
  `ou_us_id` int(11) UNSIGNED NOT NULL
) ENGINE=InnoDB DEFAULT CHARSET=utf8 COLLATE=utf8_polish_ci;

--
-- Zrzut danych tabeli `outbox`
--

INSERT INTO `outbox` (`ou_id`, `ou_header`, `ou_text`, `ou_type`, `ou_created_at`, `ou_created_by`, `ou_updated_at`, `ou_updated_by`, `ou_deleted_at`, `ou_deleted_by`, `ou_cl_id`, `ou_in_id`, `ou_us_id`) VALUES
(53, 'Zespół PRESTIGE', 'Zapraszamy do przedłużenia umowy na XXXX, która kończy się w dniu XXXX.', 'sms', '2017-04-27 14:42:22', 1, NULL, NULL, NULL, NULL, 24, 111, 1),
(54, 'PRESTIGE - przypomnienie o kończącej się umowie', 'Szanowny Państwo, w dniu XXXX kończy się umowa na XXXX. Zapraszamy do jej przedłużenia. Zespół PRESTIGE :)', 'email', '2017-04-27 14:42:27', 1, NULL, NULL, NULL, NULL, 24, 111, 1);

-- --------------------------------------------------------

--
-- Struktura tabeli dla tabeli `products`
--

CREATE TABLE `products` (
  `pr_id` int(11) UNSIGNED NOT NULL,
  `pr_name` varchar(255) CHARACTER SET utf8 COLLATE utf8_polish_ci NOT NULL,
  `pr_notice` text CHARACTER SET utf8 COLLATE utf8_polish_ci,
  `pr_created_at` datetime DEFAULT NULL,
  `pr_created_by` int(11) UNSIGNED DEFAULT NULL,
  `pr_updated_at` datetime DEFAULT NULL,
  `pr_updated_by` int(10) UNSIGNED DEFAULT NULL,
  `pr_deleted_at` datetime DEFAULT NULL,
  `pr_deleted_by` int(11) UNSIGNED DEFAULT NULL,
  `pr_co_id` int(11) UNSIGNED NOT NULL,
  `pr_us_id` int(11) UNSIGNED NOT NULL
) ENGINE=InnoDB DEFAULT CHARSET=latin1;

--
-- Zrzut danych tabeli `products`
--

INSERT INTO `products` (`pr_id`, `pr_name`, `pr_notice`, `pr_created_at`, `pr_created_by`, `pr_updated_at`, `pr_updated_by`, `pr_deleted_at`, `pr_deleted_by`, `pr_co_id`, `pr_us_id`) VALUES
(73, 'OC Auto', '', '2017-04-27 14:29:35', 1, NULL, NULL, NULL, NULL, 20, 1),
(74, 'AC Auto', '', '2017-04-27 14:29:46', 1, NULL, NULL, NULL, NULL, 20, 1),
(75, 'Dom', '', '2017-04-27 14:30:01', 1, NULL, NULL, NULL, NULL, 20, 1),
(76, 'Mieszkanie', '', '2017-04-27 14:30:08', 1, NULL, NULL, NULL, NULL, 20, 1),
(77, 'Życie', '', '2017-04-27 14:30:16', 1, NULL, NULL, NULL, NULL, 20, 1),
(78, 'Turystyczna', '', '2017-04-27 14:30:23', 1, NULL, NULL, NULL, NULL, 20, 1),
(79, 'AC Auto', '', '2017-04-27 14:31:40', 1, NULL, NULL, NULL, NULL, 21, 1),
(80, 'Chorobowe', '', '2017-04-27 14:33:52', 1, NULL, NULL, NULL, NULL, 21, 1),
(81, 'Mieszkanie', '', '2017-04-27 14:34:10', 1, NULL, NULL, NULL, NULL, 21, 1),
(82, 'Dom', '', '2017-04-27 14:49:29', 1, NULL, NULL, NULL, NULL, 21, 1);

-- --------------------------------------------------------

--
-- Struktura tabeli dla tabeli `sessions`
--

CREATE TABLE `sessions` (
  `id` varchar(128) NOT NULL,
  `ip_address` varchar(45) NOT NULL,
  `timestamp` int(10) UNSIGNED NOT NULL DEFAULT '0',
  `data` blob NOT NULL
) ENGINE=InnoDB DEFAULT CHARSET=latin1;

--
-- Zrzut danych tabeli `sessions`
--

INSERT INTO `sessions` (`id`, `ip_address`, `timestamp`, `data`) VALUES
('ebs7emf6pg8dbps1uhqrktj61hqle35s', '::1', 1493286291, 0x5f5f63695f6c6173745f726567656e65726174657c693a313439333238353939383b75735f69647c733a313a2231223b75735f666e616d657c733a343a2244617275223b75735f6c6e616d657c733a353a22536d617275223b75735f656d61696c7c733a363a226440642e6465223b6167656e747c733a37333a224d6f7a696c6c612f352e30202857696e646f7773204e542031302e303b20574f5736343b2072763a35332e3029204765636b6f2f32303130303130312046697265666f782f35332e30223b6c6f67676564696e7c623a313b7570646174657c733a3131323a225550444154452060696e737572616e63657360205345542060696e5f6c6461746560203d2027323031372d30342d3035272c2060696e5f757064617465645f617460203d2027323031372d30342d32372031313a32343a3134270a57484552452060696e5f696460203d202731303527223b64656c6574657c733a3230353a22555044415445206070726f64756374736020534554206070725f64656c657465645f617460203d2043415345200a5748454e206070725f696460203d2027363827205448454e2027323031372d30342d32372031313a33303a3538270a454c5345206070725f64656c657465645f61746020454e440a57484552452070726f64756374732e70725f64656c657465645f6174204953204e554c4c0a414e44206070726f6475637473602e6070725f696460203d20273638270a414e44206070725f69646020494e282736382729223b),
('lbnl8npi4gthf1bc9q81baqe9hdkjpk4', '::1', 1493286929, 0x5f5f63695f6c6173745f726567656e65726174657c693a313439333238363732303b75735f69647c733a313a2231223b75735f666e616d657c733a343a2244617275223b75735f6c6e616d657c733a353a22536d617275223b75735f656d61696c7c733a363a226440642e6465223b6167656e747c733a37333a224d6f7a696c6c612f352e30202857696e646f7773204e542031302e303b20574f5736343b2072763a35332e3029204765636b6f2f32303130303130312046697265666f782f35332e30223b6c6f67676564696e7c623a313b7570646174657c733a3131323a225550444154452060696e737572616e63657360205345542060696e5f6c6461746560203d2027323031372d30342d3035272c2060696e5f757064617465645f617460203d2027323031372d30342d32372031313a32343a3134270a57484552452060696e5f696460203d202731303527223b64656c6574657c733a3230353a225550444154452060636f6d70616e69657360205345542060636f5f64656c657465645f617460203d2043415345200a5748454e2060636f5f696460203d20273427205448454e2027323031372d30342d32372031313a35353a3230270a454c53452060636f5f64656c657465645f61746020454e440a574845524520636f6d70616e6965732e636f5f64656c657465645f6174204953204e554c4c0a414e442060636f6d70616e696573602e60636f5f696460203d202734270a414e442060636f5f69646020494e2827342729223b),
('fbm5hrd5r0h1hrmad9psiirkc1ofe9g5', '::1', 1493287114, 0x5f5f63695f6c6173745f726567656e65726174657c693a313439333238373037313b75735f69647c733a313a2231223b75735f666e616d657c733a343a2244617275223b75735f6c6e616d657c733a353a22536d617275223b75735f656d61696c7c733a363a226440642e6465223b6167656e747c733a37333a224d6f7a696c6c612f352e30202857696e646f7773204e542031302e303b20574f5736343b2072763a35332e3029204765636b6f2f32303130303130312046697265666f782f35332e30223b6c6f67676564696e7c623a313b7570646174657c733a3131323a225550444154452060696e737572616e63657360205345542060696e5f6c6461746560203d2027323031372d30342d3035272c2060696e5f757064617465645f617460203d2027323031372d30342d32372031313a32343a3134270a57484552452060696e5f696460203d202731303527223b64656c6574657c733a3230353a225550444154452060636f6d70616e69657360205345542060636f5f64656c657465645f617460203d2043415345200a5748454e2060636f5f696460203d20273427205448454e2027323031372d30342d32372031313a35353a3230270a454c53452060636f5f64656c657465645f61746020454e440a574845524520636f6d70616e6965732e636f5f64656c657465645f6174204953204e554c4c0a414e442060636f6d70616e696573602e60636f5f696460203d202734270a414e442060636f5f69646020494e2827342729223b6372656174657c733a3135353a22494e5345525420494e544f2060636f6d70616e69657360202860636f5f6e616d65602c2060636f5f6e6f74696365602c2060636f5f637265617465645f6279602c2060636f5f75735f6964602c2060636f5f637265617465645f617460292056414c554553202827344c49464520444952454354272c2027272c202731272c202731272c2027323031372d30342d32372031313a35383a30392729223b),
('qsjc3n9gbia3h2g7m6o0kp7uuv7m4n2l', '::1', 1493289682, 0x5f5f63695f6c6173745f726567656e65726174657c693a313439333238393332313b75735f69647c733a313a2231223b75735f666e616d657c733a343a2244617275223b75735f6c6e616d657c733a353a22536d617275223b75735f656d61696c7c733a363a226440642e6465223b6167656e747c733a37333a224d6f7a696c6c612f352e30202857696e646f7773204e542031302e303b20574f5736343b2072763a35332e3029204765636b6f2f32303130303130312046697265666f782f35332e30223b6c6f67676564696e7c623a313b7570646174657c733a3132373a225550444154452060636f6d70616e69657360205345542060636f5f6e616d6560203d20277465737431272c2060636f5f757064617465645f627960203d202731272c2060636f5f757064617465645f617460203d2027323031372d30342d32372031323a33393a3039270a57484552452060636f5f696460203d2027313927223b64656c6574657c733a3230383a225550444154452060636f6d70616e69657360205345542060636f5f64656c657465645f617460203d2043415345200a5748454e2060636f5f696460203d2027313727205448454e2027323031372d30342d32372031323a33363a3138270a454c53452060636f5f64656c657465645f61746020454e440a574845524520636f6d70616e6965732e636f5f64656c657465645f6174204953204e554c4c0a414e442060636f6d70616e696573602e60636f5f696460203d20273137270a414e442060636f5f69646020494e282731372729223b6372656174657c733a3136373a22494e5345525420494e544f206070726f64756374736020286070725f6e616d65602c206070725f6e6f74696365602c206070725f637265617465645f6279602c206070725f75735f6964602c206070725f636f5f6964602c206070725f637265617465645f617460292056414c5545532028274143204175746f272c2027272c202731272c202731272c20273139272c2027323031372d30342d32372031323a34303a31362729223b),
('du3ktcqifmr7d31mhmg7og9l3t8ut855', '::1', 1493290674, 0x5f5f63695f6c6173745f726567656e65726174657c693a313439333239303532353b75735f69647c733a313a2231223b75735f666e616d657c733a343a2244617275223b75735f6c6e616d657c733a353a22536d617275223b75735f656d61696c7c733a363a226440642e6465223b6167656e747c733a37333a224d6f7a696c6c612f352e30202857696e646f7773204e542031302e303b20574f5736343b2072763a35332e3029204765636b6f2f32303130303130312046697265666f782f35332e30223b6c6f67676564696e7c623a313b7570646174657c733a3132373a225550444154452060636f6d70616e69657360205345542060636f5f6e616d6560203d20277465737431272c2060636f5f757064617465645f627960203d202731272c2060636f5f757064617465645f617460203d2027323031372d30342d32372031323a33393a3039270a57484552452060636f5f696460203d2027313927223b64656c6574657c733a3230383a225550444154452060636f6d70616e69657360205345542060636f5f64656c657465645f617460203d2043415345200a5748454e2060636f5f696460203d2027313727205448454e2027323031372d30342d32372031323a33363a3138270a454c53452060636f5f64656c657465645f61746020454e440a574845524520636f6d70616e6965732e636f5f64656c657465645f6174204953204e554c4c0a414e442060636f6d70616e696573602e60636f5f696460203d20273137270a414e442060636f5f69646020494e282731372729223b6372656174657c733a3136373a22494e5345525420494e544f206070726f64756374736020286070725f6e616d65602c206070725f6e6f74696365602c206070725f637265617465645f6279602c206070725f75735f6964602c206070725f636f5f6964602c206070725f637265617465645f617460292056414c5545532028274143204175746f272c2027272c202731272c202731272c20273139272c2027323031372d30342d32372031323a34303a31362729223b),
('3kav5q65dqt0emnqqhdunv1sur72h2r0', '::1', 1493291218, 0x5f5f63695f6c6173745f726567656e65726174657c693a313439333239313231383b75735f69647c733a313a2231223b75735f666e616d657c733a343a2244617275223b75735f6c6e616d657c733a353a22536d617275223b75735f656d61696c7c733a363a226440642e6465223b6167656e747c733a37333a224d6f7a696c6c612f352e30202857696e646f7773204e542031302e303b20574f5736343b2072763a35332e3029204765636b6f2f32303130303130312046697265666f782f35332e30223b6c6f67676564696e7c623a313b7570646174657c733a3132373a225550444154452060636f6d70616e69657360205345542060636f5f6e616d6560203d20277465737431272c2060636f5f757064617465645f627960203d202731272c2060636f5f757064617465645f617460203d2027323031372d30342d32372031323a33393a3039270a57484552452060636f5f696460203d2027313927223b64656c6574657c733a3230383a225550444154452060636f6d70616e69657360205345542060636f5f64656c657465645f617460203d2043415345200a5748454e2060636f5f696460203d2027313727205448454e2027323031372d30342d32372031323a33363a3138270a454c53452060636f5f64656c657465645f61746020454e440a574845524520636f6d70616e6965732e636f5f64656c657465645f6174204953204e554c4c0a414e442060636f6d70616e696573602e60636f5f696460203d20273137270a414e442060636f5f69646020494e282731372729223b6372656174657c733a3136373a22494e5345525420494e544f206070726f64756374736020286070725f6e616d65602c206070725f6e6f74696365602c206070725f637265617465645f6279602c206070725f75735f6964602c206070725f636f5f6964602c206070725f637265617465645f617460292056414c5545532028274143204175746f272c2027272c202731272c202731272c20273139272c2027323031372d30342d32372031323a34303a31362729223b),
('rtich64ukubba4j29pcff0k3d6lahvh3', '::1', 1493292295, 0x5f5f63695f6c6173745f726567656e65726174657c693a313439333239313738353b75735f69647c733a313a2231223b75735f666e616d657c733a343a2244617275223b75735f6c6e616d657c733a353a22536d617275223b75735f656d61696c7c733a363a226440642e6465223b6167656e747c733a37333a224d6f7a696c6c612f352e30202857696e646f7773204e542031302e303b20574f5736343b2072763a35332e3029204765636b6f2f32303130303130312046697265666f782f35332e30223b6c6f67676564696e7c623a313b7570646174657c733a3132373a225550444154452060636f6d70616e69657360205345542060636f5f6e616d6560203d20277465737431272c2060636f5f757064617465645f627960203d202731272c2060636f5f757064617465645f617460203d2027323031372d30342d32372031323a33393a3039270a57484552452060636f5f696460203d2027313927223b64656c6574657c733a3230383a225550444154452060636f6d70616e69657360205345542060636f5f64656c657465645f617460203d2043415345200a5748454e2060636f5f696460203d2027313727205448454e2027323031372d30342d32372031323a33363a3138270a454c53452060636f5f64656c657465645f61746020454e440a574845524520636f6d70616e6965732e636f5f64656c657465645f6174204953204e554c4c0a414e442060636f6d70616e696573602e60636f5f696460203d20273137270a414e442060636f5f69646020494e282731372729223b6372656174657c733a3136373a22494e5345525420494e544f206070726f64756374736020286070725f6e616d65602c206070725f6e6f74696365602c206070725f637265617465645f6279602c206070725f75735f6964602c206070725f636f5f6964602c206070725f637265617465645f617460292056414c5545532028274143204175746f272c2027272c202731272c202731272c20273139272c2027323031372d30342d32372031323a34303a31362729223b),
('1b7f0rrc90pflksqefgfsjkhtv1bkbfg', '::1', 1493292616, 0x5f5f63695f6c6173745f726567656e65726174657c693a313439333239323334313b75735f69647c733a313a2231223b75735f666e616d657c733a343a2244617275223b75735f6c6e616d657c733a353a22536d617275223b75735f656d61696c7c733a363a226440642e6465223b6167656e747c733a37333a224d6f7a696c6c612f352e30202857696e646f7773204e542031302e303b20574f5736343b2072763a35332e3029204765636b6f2f32303130303130312046697265666f782f35332e30223b6c6f67676564696e7c623a313b7570646174657c733a3132373a225550444154452060636f6d70616e69657360205345542060636f5f6e616d6560203d20277465737431272c2060636f5f757064617465645f627960203d202731272c2060636f5f757064617465645f617460203d2027323031372d30342d32372031323a33393a3039270a57484552452060636f5f696460203d2027313927223b64656c6574657c733a3230383a225550444154452060636f6d70616e69657360205345542060636f5f64656c657465645f617460203d2043415345200a5748454e2060636f5f696460203d2027313727205448454e2027323031372d30342d32372031323a33363a3138270a454c53452060636f5f64656c657465645f61746020454e440a574845524520636f6d70616e6965732e636f5f64656c657465645f6174204953204e554c4c0a414e442060636f6d70616e696573602e60636f5f696460203d20273137270a414e442060636f5f69646020494e282731372729223b6372656174657c733a3136373a22494e5345525420494e544f206070726f64756374736020286070725f6e616d65602c206070725f6e6f74696365602c206070725f637265617465645f6279602c206070725f75735f6964602c206070725f636f5f6964602c206070725f637265617465645f617460292056414c5545532028274143204175746f272c2027272c202731272c202731272c20273139272c2027323031372d30342d32372031323a34303a31362729223b),
('os9em6maspveme5e5n0kh8pcrtitigp5', '::1', 1493293468, 0x5f5f63695f6c6173745f726567656e65726174657c693a313439333239323635313b75735f69647c733a313a2231223b75735f666e616d657c733a343a2244617275223b75735f6c6e616d657c733a353a22536d617275223b75735f656d61696c7c733a363a226440642e6465223b6167656e747c733a37333a224d6f7a696c6c612f352e30202857696e646f7773204e542031302e303b20574f5736343b2072763a35332e3029204765636b6f2f32303130303130312046697265666f782f35332e30223b6c6f67676564696e7c623a313b7570646174657c733a3133303a22555044415445206070726f64756374736020534554206070725f6e616d6560203d20274d6163686e69756d33272c206070725f757064617465645f627960203d202731272c206070725f757064617465645f617460203d2027323031372d30342d32372031333a34343a3238270a5748455245206070725f696460203d2027373027223b64656c6574657c733a3230383a225550444154452060636f6d70616e69657360205345542060636f5f64656c657465645f617460203d2043415345200a5748454e2060636f5f696460203d2027313727205448454e2027323031372d30342d32372031323a33363a3138270a454c53452060636f5f64656c657465645f61746020454e440a574845524520636f6d70616e6965732e636f5f64656c657465645f6174204953204e554c4c0a414e442060636f6d70616e696573602e60636f5f696460203d20273137270a414e442060636f5f69646020494e282731372729223b6372656174657c733a3136383a22494e5345525420494e544f206070726f64756374736020286070725f6e616d65602c206070725f6e6f74696365602c206070725f637265617465645f6279602c206070725f75735f6964602c206070725f636f5f6964602c206070725f637265617465645f617460292056414c5545532028274d6163686e69756d272c2027272c202731272c202731272c20273139272c2027323031372d30342d32372031333a33353a32332729223b),
('hukd2vod5m034faup8uo0ei3lkavm2n4', '::1', 1493293625, 0x5f5f63695f6c6173745f726567656e65726174657c693a313439333239333532323b75735f69647c733a313a2231223b75735f666e616d657c733a343a2244617275223b75735f6c6e616d657c733a353a22536d617275223b75735f656d61696c7c733a363a226440642e6465223b6167656e747c733a37333a224d6f7a696c6c612f352e30202857696e646f7773204e542031302e303b20574f5736343b2072763a35332e3029204765636b6f2f32303130303130312046697265666f782f35332e30223b6c6f67676564696e7c623a313b7570646174657c733a3133303a22555044415445206070726f64756374736020534554206070725f6e616d6560203d20274d6163686e69756d33272c206070725f757064617465645f627960203d202731272c206070725f757064617465645f617460203d2027323031372d30342d32372031333a34343a3238270a5748455245206070725f696460203d2027373027223b64656c6574657c733a3230383a225550444154452060636f6d70616e69657360205345542060636f5f64656c657465645f617460203d2043415345200a5748454e2060636f5f696460203d2027313727205448454e2027323031372d30342d32372031323a33363a3138270a454c53452060636f5f64656c657465645f61746020454e440a574845524520636f6d70616e6965732e636f5f64656c657465645f6174204953204e554c4c0a414e442060636f6d70616e696573602e60636f5f696460203d20273137270a414e442060636f5f69646020494e282731372729223b6372656174657c733a3136383a22494e5345525420494e544f206070726f64756374736020286070725f6e616d65602c206070725f6e6f74696365602c206070725f637265617465645f6279602c206070725f75735f6964602c206070725f636f5f6964602c206070725f637265617465645f617460292056414c5545532028274d6163686e69756d272c2027272c202731272c202731272c20273139272c2027323031372d30342d32372031333a33353a32332729223b),
('hjpah7gl9sa72mvtcj5etr2rbrbjcpa2', '::1', 1493294105, 0x5f5f63695f6c6173745f726567656e65726174657c693a313439333239343032383b75735f69647c733a313a2231223b75735f666e616d657c733a343a2244617275223b75735f6c6e616d657c733a353a22536d617275223b75735f656d61696c7c733a363a226440642e6465223b6167656e747c733a37333a224d6f7a696c6c612f352e30202857696e646f7773204e542031302e303b20574f5736343b2072763a35332e3029204765636b6f2f32303130303130312046697265666f782f35332e30223b6c6f67676564696e7c623a313b7570646174657c733a3133303a22555044415445206070726f64756374736020534554206070725f6e616d6560203d20274d6163686e69756d33272c206070725f757064617465645f627960203d202731272c206070725f757064617465645f617460203d2027323031372d30342d32372031333a34343a3238270a5748455245206070725f696460203d2027373027223b64656c6574657c733a3230383a225550444154452060636f6d70616e69657360205345542060636f5f64656c657465645f617460203d2043415345200a5748454e2060636f5f696460203d2027313727205448454e2027323031372d30342d32372031323a33363a3138270a454c53452060636f5f64656c657465645f61746020454e440a574845524520636f6d70616e6965732e636f5f64656c657465645f6174204953204e554c4c0a414e442060636f6d70616e696573602e60636f5f696460203d20273137270a414e442060636f5f69646020494e282731372729223b6372656174657c733a3235393a22494e5345525420494e544f2060636c69656e747360202860636c5f6e616d65602c2060636c5f61646472657373602c2060636c5f656d61696c602c2060636c5f70686f6e65602c2060636c5f6964656e74697479602c2060636c5f6e6f74696365602c2060636c5f637265617465645f6279602c2060636c5f75735f6964602c2060636c5f637265617465645f617460292056414c5545532028274d617275204d617265636b69272c20274b6c6f6e6f776120322061272c20276440642e6465272c2027353039353333353135272c20273739313130373031343939272c2027272c202731272c202731272c2027323031372d30342d32372031333a35343a34302729223b),
('07v4hh9ig7iburodp0ouskgvl14cvc35', '::1', 1493295041, 0x5f5f63695f6c6173745f726567656e65726174657c693a313439333239343837393b75735f69647c733a313a2231223b75735f666e616d657c733a343a2244617275223b75735f6c6e616d657c733a353a22536d617275223b75735f656d61696c7c733a363a226440642e6465223b6167656e747c733a37333a224d6f7a696c6c612f352e30202857696e646f7773204e542031302e303b20574f5736343b2072763a35332e3029204765636b6f2f32303130303130312046697265666f782f35332e30223b6c6f67676564696e7c623a313b7570646174657c733a3131323a225550444154452060696e737572616e63657360205345542060696e5f6c6461746560203d2027323031372d30352d3131272c2060696e5f757064617465645f617460203d2027323031372d30342d32372031343a30393a3339270a57484552452060696e5f696460203d202731303927223b64656c6574657c733a3230383a225550444154452060636f6d70616e69657360205345542060636f5f64656c657465645f617460203d2043415345200a5748454e2060636f5f696460203d2027313927205448454e2027323031372d30342d32372031343a31303a3431270a454c53452060636f5f64656c657465645f61746020454e440a574845524520636f6d70616e6965732e636f5f64656c657465645f6174204953204e554c4c0a414e442060636f6d70616e696573602e60636f5f696460203d20273139270a414e442060636f5f69646020494e282731392729223b6372656174657c733a3235393a22494e5345525420494e544f2060636c69656e747360202860636c5f6e616d65602c2060636c5f61646472657373602c2060636c5f656d61696c602c2060636c5f70686f6e65602c2060636c5f6964656e74697479602c2060636c5f6e6f74696365602c2060636c5f637265617465645f6279602c2060636c5f75735f6964602c2060636c5f637265617465645f617460292056414c5545532028274d617275204d617265636b69272c20274b6c6f6e6f776120322061272c20276440642e6465272c2027353039353333353135272c20273739313130373031343939272c2027272c202731272c202731272c2027323031372d30342d32372031333a35343a34302729223b),
('on9g6d14r76jr3l08o9vjqgcvjs2il2s', '::1', 1493295476, 0x5f5f63695f6c6173745f726567656e65726174657c693a313439333239353139303b75735f69647c733a313a2231223b75735f666e616d657c733a343a2244617275223b75735f6c6e616d657c733a353a22536d617275223b75735f656d61696c7c733a363a226440642e6465223b6167656e747c733a37333a224d6f7a696c6c612f352e30202857696e646f7773204e542031302e303b20574f5736343b2072763a35332e3029204765636b6f2f32303130303130312046697265666f782f35332e30223b6c6f67676564696e7c623a313b6372656174657c733a3336373a22494e5345525420494e544f2060636c69656e747360202860636c5f6e616d65602c2060636c5f61646472657373602c2060636c5f656d61696c602c2060636c5f70686f6e65602c2060636c5f6964656e74697479602c2060636c5f6e6f74696365602c2060636c5f637265617465645f6279602c2060636c5f75735f6964602c2060636c5f637265617465645f617460292056414c554553202827544543484e45542e53595354454d53204461726975737a2057c3b36a6369636b69272c2027323720537479637a6e6961203236412c2034312d393232205261647a696f6e6bc3b377272c2027776f6a6369636b6940746563686e65742e73797374656d73272c2027353039353333353135272c20276e36343832333038353433272c202754656e204b6c69656e74206a657374207465c5bc2075206e6173204b6c69656e74656d207072797761746e796d272c202731272c202731272c2027323031372d30342d32372031343a31373a32362729223b7570646174657c733a3133333a225550444154452060636c69656e747360205345542060636c5f70726f6365737360203d20274a657374207a676f6461272c2060636c5f757064617465645f627960203d202731272c2060636c5f757064617465645f617460203d2027323031372d30342d32372031343a31373a3435270a57484552452060636c5f696460203d2027323327223b),
('775j9q01ggqeeia00offbis2597vpr8r', '::1', 1493295220, 0x5f5f63695f6c6173745f726567656e65726174657c693a313439333239353232303b6572726f727c733a34373a2257796c6f676f77616e6f2075c5bc79746b6f776e696b612c207a616c6f67756a207369c49920706f6e6f776e69652e223b5f5f63695f766172737c613a313a7b733a353a226572726f72223b733a333a226e6577223b7d),
('ip3c9tm7s53n3cb3dq1koqhuuaupeb5e', '::1', 1493295220, 0x5f5f63695f6c6173745f726567656e65726174657c693a313439333239353232303b),
('ov705p1et1nh2pc02nvaqshrgv2uhpge', '::1', 1493295636, 0x5f5f63695f6c6173745f726567656e65726174657c693a313439333239353532383b75735f69647c733a313a2231223b75735f666e616d657c733a343a2244617275223b75735f6c6e616d657c733a353a22536d617275223b75735f656d61696c7c733a363a226440642e6465223b6167656e747c733a37333a224d6f7a696c6c612f352e30202857696e646f7773204e542031302e303b20574f5736343b2072763a35332e3029204765636b6f2f32303130303130312046697265666f782f35332e30223b6c6f67676564696e7c623a313b6372656174657c733a3330363a22494e5345525420494e544f2060636c69656e747360202860636c5f6e616d65602c2060636c5f61646472657373602c2060636c5f656d61696c602c2060636c5f70686f6e65602c2060636c5f6964656e74697479602c2060636c5f6e6f74696365602c2060636c5f637265617465645f6279602c2060636c5f75735f6964602c2060636c5f637265617465645f617460292056414c554553202827506f6c61204d616e6f6c61272c20274b6c6f6e6f7761203220612c2034302d383030205a6162727a65272c20276d616e6f6c6140736d6f637a656b2e706c272c2027313233343536373839272c20273230303530383031343939272c20274e616a6c6570737a656a737a61204b6c69656e746b61272c202731272c202731272c2027323031372d30342d32372031343a32303a31352729223b7570646174657c733a3134383a225550444154452060636c69656e747360205345542060636c5f6164647265737360203d20274b6c6f6e6f77612032412c2034302d383030205a6162727a65272c2060636c5f757064617465645f627960203d202731272c2060636c5f757064617465645f617460203d2027323031372d30342d32372031343a32303a3333270a57484552452060636c5f696460203d2027323427223b),
('k8fcti9puvdjsvake7084g5p5aunhiai', '::1', 1493296432, 0x5f5f63695f6c6173745f726567656e65726174657c693a313439333239363132313b75735f69647c733a313a2231223b75735f666e616d657c733a343a2244617275223b75735f6c6e616d657c733a353a22536d617275223b75735f656d61696c7c733a363a226440642e6465223b6167656e747c733a37333a224d6f7a696c6c612f352e30202857696e646f7773204e542031302e303b20574f5736343b2072763a35332e3029204765636b6f2f32303130303130312046697265666f782f35332e30223b6c6f67676564696e7c623a313b6372656174657c733a3136393a22494e5345525420494e544f206070726f64756374736020286070725f6e616d65602c206070725f6e6f74696365602c206070725f637265617465645f6279602c206070725f75735f6964602c206070725f636f5f6964602c206070725f637265617465645f617460292056414c55455320282743686f726f626f7765272c2027272c202731272c202731272c20273231272c2027323031372d30342d32372031343a33333a35322729223b7570646174657c733a3134383a225550444154452060636c69656e747360205345542060636c5f6164647265737360203d20274b6c6f6e6f77612032412c2034302d383030205a6162727a65272c2060636c5f757064617465645f627960203d202731272c2060636c5f757064617465645f617460203d2027323031372d30342d32372031343a32303a3333270a57484552452060636c5f696460203d2027323427223b),
('741trje9mqp606nbagm40ki1duf5bfmb', '::1', 1493296729, 0x5f5f63695f6c6173745f726567656e65726174657c693a313439333239363433363b75735f69647c733a313a2231223b75735f666e616d657c733a343a2244617275223b75735f6c6e616d657c733a353a22536d617275223b75735f656d61696c7c733a363a226440642e6465223b6167656e747c733a37333a224d6f7a696c6c612f352e30202857696e646f7773204e542031302e303b20574f5736343b2072763a35332e3029204765636b6f2f32303130303130312046697265666f782f35332e30223b6c6f67676564696e7c623a313b6372656174657c733a3435383a22494e5345525420494e544f2060696e737572616e63657360202860696e5f636f5f6964602c2060696e5f70725f6964602c2060696e5f6964656e74697479602c2060696e5f6664617465602c2060696e5f6c64617465602c2060696e5f6c696e6b5f6465736372697074696f6e602c2060696e5f6e6f74696365602c2060696e5f70726f63657373602c2060696e5f636f5f6e616d65602c2060696e5f70725f6e616d65602c2060696e5f637265617465645f6279602c2060696e5f6c696e6b602c2060696e5f75735f6964602c2060696e5f636c5f6964602c2060696e5f637265617465645f617460292056414c5545532028273231272c20273830272c20274e6120617073696b69272c2027323031372d30342d3034272c2027323031372d30372d3231272c20274f706973207a61c582c485637a6e696b61272c2027557761676920646f207a61c582c485637a6e696b61272c20274272616b207a676f6479272c2027484553544941272c202743686f726f626f7765272c202731272c202761353238663130633031663830653066653365396539363539316166373234392e706466272c202731272c20273234272c2027323031372d30342d32372031343a33383a34372729223b7570646174657c733a3133333a225550444154452060636c69656e747360205345542060636c5f70726f6365737360203d20274272616b207a676f6479272c2060636c5f757064617465645f627960203d202731272c2060636c5f757064617465645f617460203d2027323031372d30342d32372031343a33383a3133270a57484552452060636c5f696460203d2027323427223b),
('ae13krv22huus40l64o46nlgjc9vkkis', '::1', 1493296948, 0x5f5f63695f6c6173745f726567656e65726174657c693a313439333239363734333b75735f69647c733a313a2231223b75735f666e616d657c733a343a2244617275223b75735f6c6e616d657c733a353a22536d617275223b75735f656d61696c7c733a363a226440642e6465223b6167656e747c733a37333a224d6f7a696c6c612f352e30202857696e646f7773204e542031302e303b20574f5736343b2072763a35332e3029204765636b6f2f32303130303130312046697265666f782f35332e30223b6c6f67676564696e7c623a313b6372656174657c733a3336303a22494e5345525420494e544f20606f7574626f78602028606f755f686561646572602c20606f755f74657874602c20606f755f696e5f6964602c20606f755f637265617465645f6279602c20606f755f74797065602c20606f755f636c5f6964602c20606f755f75735f6964602c20606f755f637265617465645f617460292056414c5545532028275052455354494745202d2070727a79706f6d6e69656e6965206f206b6fc584637ac48563656a207369c49920756d6f776965272c2027537a616e6f776e79205061c5847374776f2c207720646e69752058585858206b6fc584637a79207369c49920756d6f7761206e6120585858582e205a61707261737a616d7920646f206a656a2070727a6564c58275c5bc656e69612e205a657370c3b3c582205052455354494745203a29272c2027313131272c202731272c2027656d61696c272c20273234272c202731272c2027323031372d30342d32372031343a34323a32372729223b7570646174657c733a3132393a225550444154452060696e737572616e63657360205345542060696e5f73656e645f656d61696c60203d20312c2060696e5f757064617465645f627960203d202731272c2060696e5f757064617465645f617460203d2027323031372d30342d32372031343a34323a3237270a57484552452060696e5f696460203d202731313127223b64656c6574657c733a3231343a225550444154452060696e737572616e63657360205345542060696e5f64656c657465645f617460203d2043415345200a5748454e2060696e5f696460203d202731313327205448454e2027323031372d30342d32372031343a34303a3037270a454c53452060696e5f64656c657465645f61746020454e440a574845524520696e737572616e6365732e696e5f64656c657465645f6174204953204e554c4c0a414e442060696e737572616e636573602e60696e5f696460203d2027313133270a414e442060696e5f69646020494e28273131332729223b),
('n7iqsbaepughk4804d88dsinmiq96ui0', '::1', 1493297408, 0x5f5f63695f6c6173745f726567656e65726174657c693a313439333239373132373b75735f69647c733a313a2231223b75735f666e616d657c733a343a2244617275223b75735f6c6e616d657c733a353a22536d617275223b75735f656d61696c7c733a363a226440642e6465223b6167656e747c733a37333a224d6f7a696c6c612f352e30202857696e646f7773204e542031302e303b20574f5736343b2072763a35332e3029204765636b6f2f32303130303130312046697265666f782f35332e30223b6c6f67676564696e7c623a313b6372656174657c733a3432333a22494e5345525420494e544f2060696e737572616e63657360202860696e5f636f5f6964602c2060696e5f70725f6964602c2060696e5f6964656e74697479602c2060696e5f6664617465602c2060696e5f6c64617465602c2060696e5f6c696e6b5f6465736372697074696f6e602c2060696e5f6e6f74696365602c2060696e5f70726f63657373602c2060696e5f636f5f6e616d65602c2060696e5f70725f6e616d65602c2060696e5f637265617465645f6279602c2060696e5f6c696e6b602c2060696e5f75735f6964602c2060696e5f636c5f6964602c2060696e5f637265617465645f617460292056414c5545532028273231272c20273832272c20274e61206e61737ac48520636861776972c499272c2027323031372d30342d3033272c2027323031372d30352d3037272c2027272c2027272c20274272616b207a676f6479272c2027484553544941272c2027446f6d272c202731272c202737623361393938613032613766336439323162356136666666386166636161362e4a5047272c202731272c20273232272c2027323031372d30342d32372031343a35303a30352729223b7570646174657c733a3132393a225550444154452060696e737572616e63657360205345542060696e5f73656e645f656d61696c60203d20312c2060696e5f757064617465645f627960203d202731272c2060696e5f757064617465645f617460203d2027323031372d30342d32372031343a34323a3237270a57484552452060696e5f696460203d202731313127223b64656c6574657c733a3231343a225550444154452060696e737572616e63657360205345542060696e5f64656c657465645f617460203d2043415345200a5748454e2060696e5f696460203d202731313327205448454e2027323031372d30342d32372031343a34303a3037270a454c53452060696e5f64656c657465645f61746020454e440a574845524520696e737572616e6365732e696e5f64656c657465645f6174204953204e554c4c0a414e442060696e737572616e636573602e60696e5f696460203d2027313133270a414e442060696e5f69646020494e28273131332729223b),
('gab68gt5ebue9otrjt2mmshn937j1ft1', '::1', 1493300265, 0x5f5f63695f6c6173745f726567656e65726174657c693a313439333239373433323b75735f69647c733a313a2231223b75735f666e616d657c733a343a2244617275223b75735f6c6e616d657c733a353a22536d617275223b75735f656d61696c7c733a363a226440642e6465223b6167656e747c733a37333a224d6f7a696c6c612f352e30202857696e646f7773204e542031302e303b20574f5736343b2072763a35332e3029204765636b6f2f32303130303130312046697265666f782f35332e30223b6c6f67676564696e7c623a313b6372656174657c733a3432333a22494e5345525420494e544f2060696e737572616e63657360202860696e5f636f5f6964602c2060696e5f70725f6964602c2060696e5f6964656e74697479602c2060696e5f6664617465602c2060696e5f6c64617465602c2060696e5f6c696e6b5f6465736372697074696f6e602c2060696e5f6e6f74696365602c2060696e5f70726f63657373602c2060696e5f636f5f6e616d65602c2060696e5f70725f6e616d65602c2060696e5f637265617465645f6279602c2060696e5f6c696e6b602c2060696e5f75735f6964602c2060696e5f636c5f6964602c2060696e5f637265617465645f617460292056414c5545532028273231272c20273832272c20274e61206e61737ac48520636861776972c499272c2027323031372d30342d3033272c2027323031372d30352d3037272c2027272c2027272c20274272616b207a676f6479272c2027484553544941272c2027446f6d272c202731272c202737623361393938613032613766336439323162356136666666386166636161362e4a5047272c202731272c20273232272c2027323031372d30342d32372031343a35303a30352729223b7570646174657c733a3132393a225550444154452060696e737572616e63657360205345542060696e5f73656e645f656d61696c60203d20312c2060696e5f757064617465645f627960203d202731272c2060696e5f757064617465645f617460203d2027323031372d30342d32372031343a34323a3237270a57484552452060696e5f696460203d202731313127223b64656c6574657c733a3132373a225550444154452060696e737572616e63657360205345542060696e5f72656d696e64657260203d20302c2060696e5f757064617465645f627960203d202731272c2060696e5f757064617465645f617460203d2027323031372d30342d32372031353a33373a3435270a57484552452060696e5f696460203d202731313127223b),
('s5ueb4nj3npkqosoh33jdun96s25n5il', '::1', 1493300373, 0x5f5f63695f6c6173745f726567656e65726174657c693a313439333330303236393b75735f69647c733a313a2231223b75735f666e616d657c733a343a2244617275223b75735f6c6e616d657c733a353a22536d617275223b75735f656d61696c7c733a363a226440642e6465223b6167656e747c733a37333a224d6f7a696c6c612f352e30202857696e646f7773204e542031302e303b20574f5736343b2072763a35332e3029204765636b6f2f32303130303130312046697265666f782f35332e30223b6c6f67676564696e7c623a313b6372656174657c733a3432333a22494e5345525420494e544f2060696e737572616e63657360202860696e5f636f5f6964602c2060696e5f70725f6964602c2060696e5f6964656e74697479602c2060696e5f6664617465602c2060696e5f6c64617465602c2060696e5f6c696e6b5f6465736372697074696f6e602c2060696e5f6e6f74696365602c2060696e5f70726f63657373602c2060696e5f636f5f6e616d65602c2060696e5f70725f6e616d65602c2060696e5f637265617465645f6279602c2060696e5f6c696e6b602c2060696e5f75735f6964602c2060696e5f636c5f6964602c2060696e5f637265617465645f617460292056414c5545532028273231272c20273832272c20274e61206e61737ac48520636861776972c499272c2027323031372d30342d3033272c2027323031372d30352d3037272c2027272c2027272c20274272616b207a676f6479272c2027484553544941272c2027446f6d272c202731272c202737623361393938613032613766336439323162356136666666386166636161362e4a5047272c202731272c20273232272c2027323031372d30342d32372031343a35303a30352729223b7570646174657c733a3131323a225550444154452060696e737572616e63657360205345542060696e5f6c6461746560203d2027323031372d30392d3138272c2060696e5f757064617465645f617460203d2027323031372d30342d32372031353a33393a3237270a57484552452060696e5f696460203d202731313427223b64656c6574657c733a3231343a225550444154452060696e737572616e63657360205345542060696e5f64656c657465645f617460203d2043415345200a5748454e2060696e5f696460203d202731313127205448454e2027323031372d30342d32372031353a33383a3233270a454c53452060696e5f64656c657465645f61746020454e440a574845524520696e737572616e6365732e696e5f64656c657465645f6174204953204e554c4c0a414e442060696e737572616e636573602e60696e5f696460203d2027313131270a414e442060696e5f69646020494e28273131312729223b);

-- --------------------------------------------------------

--
-- Struktura tabeli dla tabeli `users`
--

CREATE TABLE `users` (
  `us_id` int(11) UNSIGNED NOT NULL,
  `us_fname` varchar(255) NOT NULL,
  `us_lname` varchar(255) NOT NULL,
  `us_email` varchar(255) NOT NULL,
  `us_pass` varchar(255) NOT NULL
) ENGINE=InnoDB DEFAULT CHARSET=latin1;

--
-- Zrzut danych tabeli `users`
--

INSERT INTO `users` (`us_id`, `us_fname`, `us_lname`, `us_email`, `us_pass`) VALUES
(1, 'Daru', 'Smaru', 'd@d.de', '3c080586c175add1cf4ce608d07371f7d84a960e502cd4380e4e28e2a24997a79e31397e237027dc522196f5818c9dc76dc4c9d0b6bcc2528ba8d3a6b75da420');

--
-- Indeksy dla zrzutów tabel
--

--
-- Indexes for table `clients`
--
ALTER TABLE `clients`
  ADD PRIMARY KEY (`cl_id`);

--
-- Indexes for table `companies`
--
ALTER TABLE `companies`
  ADD PRIMARY KEY (`co_id`);

--
-- Indexes for table `insurances`
--
ALTER TABLE `insurances`
  ADD PRIMARY KEY (`in_id`);

--
-- Indexes for table `messages`
--
ALTER TABLE `messages`
  ADD PRIMARY KEY (`me_id`);

--
-- Indexes for table `outbox`
--
ALTER TABLE `outbox`
  ADD PRIMARY KEY (`ou_id`);

--
-- Indexes for table `products`
--
ALTER TABLE `products`
  ADD PRIMARY KEY (`pr_id`);

--
-- Indexes for table `sessions`
--
ALTER TABLE `sessions`
  ADD KEY `ci_sessions_timestamp` (`timestamp`);

--
-- Indexes for table `users`
--
ALTER TABLE `users`
  ADD PRIMARY KEY (`us_id`);

--
-- AUTO_INCREMENT for dumped tables
--

--
-- AUTO_INCREMENT dla tabeli `clients`
--
ALTER TABLE `clients`
  MODIFY `cl_id` int(11) UNSIGNED NOT NULL AUTO_INCREMENT, AUTO_INCREMENT=25;
--
-- AUTO_INCREMENT dla tabeli `companies`
--
ALTER TABLE `companies`
  MODIFY `co_id` int(11) UNSIGNED NOT NULL AUTO_INCREMENT, AUTO_INCREMENT=22;
--
-- AUTO_INCREMENT dla tabeli `insurances`
--
ALTER TABLE `insurances`
  MODIFY `in_id` int(11) UNSIGNED NOT NULL AUTO_INCREMENT, AUTO_INCREMENT=115;
--
-- AUTO_INCREMENT dla tabeli `messages`
--
ALTER TABLE `messages`
  MODIFY `me_id` int(11) UNSIGNED NOT NULL AUTO_INCREMENT, AUTO_INCREMENT=12;
--
-- AUTO_INCREMENT dla tabeli `outbox`
--
ALTER TABLE `outbox`
  MODIFY `ou_id` int(11) UNSIGNED NOT NULL AUTO_INCREMENT, AUTO_INCREMENT=55;
--
-- AUTO_INCREMENT dla tabeli `products`
--
ALTER TABLE `products`
  MODIFY `pr_id` int(11) UNSIGNED NOT NULL AUTO_INCREMENT, AUTO_INCREMENT=83;
--
-- AUTO_INCREMENT dla tabeli `users`
--
ALTER TABLE `users`
  MODIFY `us_id` int(11) UNSIGNED NOT NULL AUTO_INCREMENT, AUTO_INCREMENT=2;
/*!40101 SET CHARACTER_SET_CLIENT=@OLD_CHARACTER_SET_CLIENT */;
/*!40101 SET CHARACTER_SET_RESULTS=@OLD_CHARACTER_SET_RESULTS */;
/*!40101 SET COLLATION_CONNECTION=@OLD_COLLATION_CONNECTION */;
