-- phpMyAdmin SQL Dump
-- version 4.5.1
-- http://www.phpmyadmin.net
--
-- Host: 127.0.0.1
-- Czas generowania: 19 Kwi 2017, 13:35
-- Wersja serwera: 10.1.19-MariaDB
-- Wersja PHP: 5.6.28

SET SQL_MODE = "NO_AUTO_VALUE_ON_ZERO";
SET time_zone = "+00:00";


/*!40101 SET @OLD_CHARACTER_SET_CLIENT=@@CHARACTER_SET_CLIENT */;
/*!40101 SET @OLD_CHARACTER_SET_RESULTS=@@CHARACTER_SET_RESULTS */;
/*!40101 SET @OLD_COLLATION_CONNECTION=@@COLLATION_CONNECTION */;
/*!40101 SET NAMES utf8mb4 */;

--
-- Baza danych: `ci-insurance-agency-app`
--

-- --------------------------------------------------------

--
-- Struktura tabeli dla tabeli `clients`
--

CREATE TABLE `clients` (
  `cl_id` int(11) UNSIGNED NOT NULL,
  `cl_name` varchar(255) CHARACTER SET utf8 COLLATE utf8_polish_ci NOT NULL,
  `cl_address` varchar(255) CHARACTER SET utf8 COLLATE utf8_polish_ci NOT NULL,
  `cl_email` varchar(255) CHARACTER SET utf8 COLLATE utf8_polish_ci NOT NULL,
  `cl_phone` int(11) NOT NULL,
  `cl_identity` varchar(255) NOT NULL,
  `cl_notice` text CHARACTER SET utf8 COLLATE utf8_polish_ci,
  `cl_process` varchar(255) NOT NULL DEFAULT 'Brak zgody' COMMENT 'zgoda na przetwarzanie danych',
  `cl_created_at` datetime DEFAULT NULL,
  `cl_created_by` int(11) UNSIGNED DEFAULT NULL,
  `cl_updated_at` datetime DEFAULT NULL,
  `cl_updated_by` int(10) UNSIGNED DEFAULT NULL,
  `cl_deleted_at` datetime DEFAULT NULL,
  `cl_deleted_by` int(11) UNSIGNED DEFAULT NULL,
  `cl_us_id` int(11) UNSIGNED NOT NULL
) ENGINE=InnoDB DEFAULT CHARSET=latin1;

--
-- Zrzut danych tabeli `clients`
--

INSERT INTO `clients` (`cl_id`, `cl_name`, `cl_address`, `cl_email`, `cl_phone`, `cl_identity`, `cl_notice`, `cl_process`, `cl_created_at`, `cl_created_by`, `cl_updated_at`, `cl_updated_by`, `cl_deleted_at`, `cl_deleted_by`, `cl_us_id`) VALUES
(6, 'Maru Marecki', 'Klonowa 2 a', 'd@d.de', 509533515, '6F110701499', '', 'Brak zgody', '2017-04-03 12:14:57', 1, NULL, NULL, NULL, NULL, 1),
(7, 'Maru Marecki', 'Klonowa 2 a', 'd@d.de', 509533515, '15F11070149', '', 'Jest zgoda', '2017-04-03 12:15:12', 1, '2017-04-14 13:22:03', NULL, '2017-04-14 13:22:03', 1, 1),
(8, 'Maru Marecki', 'Klonowa 2 a', 'd@d.de', 509533515, 'A5F11070149', '', 'Brak zgody', '2017-04-03 12:15:16', 1, NULL, NULL, NULL, NULL, 1),
(10, 'Maru Marecki', 'Klonowa 2 a', 'd@d.de', 509533515, '79110701499', '', 'Brak zgody', '2017-04-03 12:20:24', 1, '2017-04-14 13:21:52', NULL, '2017-04-14 13:21:52', 1, 1),
(11, 'Maru Marecki', 'Klonowa 2 a', 'd@d.de', 509533515, '09110701499', '', 'Brak zgody', '2017-04-03 12:21:39', 1, NULL, NULL, NULL, NULL, 1),
(12, 'Pola Manola-Dziędziola', 'Pod Borem 2A', 'pola@smoczek.pl', 509533515, '80070501499', 'Lubi małego Mi ;)', 'Jest zgoda', '2017-04-06 07:31:40', 1, '2017-04-06 08:44:08', NULL, NULL, NULL, 1),
(13, 'Daru Darecki5', 'Pod Borem 2A', 'dar@d.de', 509533515, '79110001499', 'Taki kolo :)', 'Jest zgoda', '2017-04-07 13:23:30', 1, '2017-04-14 13:22:19', 1, '2017-04-14 13:22:19', 1, 1),
(14, 'Maru Marecki1977', 'Klonowa 2 a', 'd@d.de', 509533515, 'j9110701499', '', 'Brak zgody', '2017-04-11 10:52:34', 1, '2017-04-11 10:52:58', 1, '2017-04-11 10:53:17', NULL, 1),
(15, 'Maru Marecki1987', 'Klonowa 2 a', 'd@d.de', 509533515, '69110701499', '', 'Brak zgody', '2017-04-11 10:54:29', 1, '2017-04-11 10:54:40', NULL, '2017-04-11 10:54:40', 1, 1);

-- --------------------------------------------------------

--
-- Struktura tabeli dla tabeli `companies`
--

CREATE TABLE `companies` (
  `co_id` int(11) UNSIGNED NOT NULL,
  `co_name` varchar(255) CHARACTER SET utf8 COLLATE utf8_polish_ci NOT NULL,
  `co_notice` text CHARACTER SET utf8 COLLATE utf8_polish_ci NOT NULL,
  `co_created_at` datetime DEFAULT NULL,
  `co_created_by` int(11) UNSIGNED DEFAULT NULL,
  `co_updated_at` datetime DEFAULT NULL,
  `co_updated_by` int(10) UNSIGNED DEFAULT NULL,
  `co_deleted_at` datetime DEFAULT NULL,
  `co_deleted_by` int(11) UNSIGNED DEFAULT NULL,
  `co_us_id` int(11) UNSIGNED NOT NULL
) ENGINE=InnoDB DEFAULT CHARSET=latin1;

--
-- Zrzut danych tabeli `companies`
--

INSERT INTO `companies` (`co_id`, `co_name`, `co_notice`, `co_created_at`, `co_created_by`, `co_updated_at`, `co_updated_by`, `co_deleted_at`, `co_deleted_by`, `co_us_id`) VALUES
(1, 'PZU', '', '2017-04-06 08:51:58', 1, NULL, NULL, NULL, NULL, 1),
(2, 'HESTIA', '', '2017-04-06 08:52:20', 1, NULL, NULL, NULL, NULL, 1),
(4, 'LINK4', '', '2017-04-06 08:52:33', 1, NULL, NULL, NULL, NULL, 1),
(5, 'COMPENSA LIFE', '', '2017-04-06 08:52:43', 1, '2017-04-07 12:39:10', NULL, '2017-04-11 10:30:26', NULL, 1),
(6, 'WARTA', '', '2017-04-06 08:52:51', 1, NULL, NULL, NULL, NULL, 1),
(7, 'LIBERTY', '', '2017-04-06 08:52:57', 1, NULL, NULL, NULL, NULL, 1),
(8, 'GENERALI5', '', '2017-04-06 08:53:12', 1, '2017-04-11 10:35:11', 1, NULL, NULL, 1),
(9, 'aaa111', '', '2017-04-11 10:47:45', 1, '2017-04-11 10:49:33', 1, '2017-04-11 10:49:33', 1, 1),
(10, 'Teścik', 'Teścik', '2017-04-11 10:49:07', 1, '2017-04-11 10:49:59', NULL, '2017-04-11 10:49:59', 1, 1),
(11, 'Testowe Towarzycho', '', '2017-04-11 11:09:41', 1, '2017-04-11 11:11:03', NULL, '2017-04-11 11:11:03', 1, 1),
(12, 'Testowe Towarzycho3', '', '2017-04-11 11:26:52', 1, '2017-04-11 11:29:04', NULL, '2017-04-11 11:29:04', 1, 1),
(13, 'Testowe Towarzycho33', '', '2017-04-11 11:32:25', 1, '2017-04-11 11:33:08', NULL, '2017-04-11 11:33:09', 1, 1),
(14, 'Testowe Towarzycho3a', '', '2017-04-11 11:34:01', 1, '2017-04-11 11:34:36', NULL, '2017-04-11 11:34:37', 1, 1);

-- --------------------------------------------------------

--
-- Struktura tabeli dla tabeli `insurances`
--

CREATE TABLE `insurances` (
  `in_id` int(11) UNSIGNED NOT NULL,
  `in_co_name` varchar(255) CHARACTER SET utf8 COLLATE utf8_polish_ci NOT NULL,
  `in_pr_name` varchar(255) CHARACTER SET utf8 COLLATE utf8_polish_ci NOT NULL,
  `in_identity` varchar(255) CHARACTER SET utf8 COLLATE utf8_polish_ci NOT NULL,
  `in_fdate` date NOT NULL,
  `in_ldate` date NOT NULL,
  `in_link` varchar(255) CHARACTER SET utf8 COLLATE utf8_polish_ci NOT NULL,
  `in_link_description` text CHARACTER SET utf8 COLLATE utf8_polish_ci NOT NULL,
  `in_notice` text CHARACTER SET utf8 COLLATE utf8_polish_ci NOT NULL,
  `in_created_at` datetime DEFAULT NULL,
  `in_created_by` int(11) UNSIGNED DEFAULT NULL,
  `in_updated_at` datetime DEFAULT NULL,
  `in_updated_by` int(10) UNSIGNED DEFAULT NULL,
  `in_deleted_at` datetime DEFAULT NULL,
  `in_deleted_by` int(11) UNSIGNED DEFAULT NULL,
  `in_co_id` int(11) UNSIGNED NOT NULL,
  `in_pr_id` int(11) UNSIGNED NOT NULL,
  `in_cl_id` int(11) UNSIGNED NOT NULL,
  `in_us_id` int(11) UNSIGNED NOT NULL
) ENGINE=InnoDB DEFAULT CHARSET=latin1;

--
-- Zrzut danych tabeli `insurances`
--

INSERT INTO `insurances` (`in_id`, `in_co_name`, `in_pr_name`, `in_identity`, `in_fdate`, `in_ldate`, `in_link`, `in_link_description`, `in_notice`, `in_created_at`, `in_created_by`, `in_updated_at`, `in_updated_by`, `in_deleted_at`, `in_deleted_by`, `in_co_id`, `in_pr_id`, `in_cl_id`, `in_us_id`) VALUES
(30, 'WARTA6', 'Becikowe5', 'yuhu6', '2017-04-13', '2017-04-26', '555efc6dd46fcf0db0113debce9e7e4e.jpg', 'hhh', 'hhh', '2017-04-14 12:34:40', 1, '2017-04-14 12:42:34', NULL, '2017-04-14 12:57:43', NULL, 6, 67, 13, 1),
(31, 'LINK4', 'L-4', 'asas', '2017-03-30', '2017-04-27', '2264a858365ef0ab50740ad1ce9edf1f.jpg', 'asas', 'asas', '2017-04-14 12:58:15', 1, NULL, NULL, '2017-04-14 12:58:50', NULL, 4, 48, 13, 1),
(32, 'HESTIA', 'Turystyczna', 'asas', '2017-04-26', '2017-04-29', '3e837e3ed3fc0119c100d6d8eab35cc5.jpg', 'assa', 'asas', '2017-04-14 13:00:33', 1, NULL, NULL, '2017-04-14 13:00:42', NULL, 2, 4, 13, 1),
(33, 'PZU', 'OC Auto', 'insurance.in_pr_name', '2017-04-04', '2017-05-03', '16025629bb46b07e347ec487ff1ff11c.jpg', '', '', '2017-04-14 13:01:50', 1, NULL, NULL, '2017-04-14 13:03:21', NULL, 1, 1, 13, 1),
(34, 'HESTIA', 'Turystyczna', 'asas', '2017-04-12', '2017-05-05', 'a6e58246e36f38920bdd5f3f51a67dc4.JPG', '', '', '2017-04-14 13:03:47', 1, NULL, NULL, '2017-04-14 13:04:41', NULL, 2, 4, 13, 1),
(35, 'HESTIA', 'Turystyczna', 'as', '2017-04-03', '2017-04-27', 'b6abf82ce648e91864778d1044907fe2.JPG', '', '', '2017-04-14 13:05:32', 1, NULL, NULL, '2017-04-14 13:05:41', NULL, 2, 4, 13, 1),
(36, 'LINK4', 'L-4', 'as', '2017-04-10', '2017-04-19', 'c234f1c929fa4edb9af1a28bfc3e8528.jpg', '', '', '2017-04-14 13:06:26', 1, NULL, NULL, '2017-04-14 13:07:57', NULL, 4, 48, 13, 1),
(37, 'HESTIA', 'Turystyczna', 'assa', '2017-04-11', '2017-04-20', '5aa9fc03182a91f0f49711c9c6bee71c.jpg', '', '', '2017-04-14 13:07:30', 1, NULL, NULL, '2017-04-14 13:08:11', NULL, 2, 4, 13, 1),
(38, 'HESTIA', 'Życie', 'kkk', '2017-04-05', '2017-04-21', 'c7a9fca5a036545fdcb3cfc0de91a811.jpg', '', '', '2017-04-14 13:10:54', 1, NULL, NULL, '2017-04-14 13:11:06', NULL, 2, 3, 13, 1),
(39, 'LINK4', 'L-4', '$(''#in_id-34'' + id).fadeOut(1000);', '2017-04-20', '2017-04-29', '15dcfdec6d973da4113bab6cc4ece974.jpg', '', '', '2017-04-14 13:12:17', 1, NULL, NULL, '2017-04-14 13:12:27', NULL, 4, 48, 13, 1),
(40, 'HESTIA', 'Wypadek', '$(''#in_id-34'' + id).fadeOut(1000);', '2017-04-13', '2017-04-20', 'ca397a5ce65f3c1779389bbc77cba18d.JPG', '', '', '2017-04-14 13:13:22', 1, NULL, NULL, '2017-04-14 13:13:39', NULL, 2, 5, 13, 1),
(41, 'HESTIA', 'Turystyczna', '$(''#in_id-34'' + id).fadeOut(1000);', '2017-04-26', '2017-04-28', '34722430ac69a2b376112912e1431092.jpg', '', '', '2017-04-14 13:14:09', 1, NULL, NULL, '2017-04-14 13:14:17', NULL, 2, 4, 8, 1),
(42, 'PZU', 'OC Auto', '$(''#in_id-34'' + id).fadeOut(1000);', '2017-04-06', '2017-04-27', '77d2f762c35779b87f7986aed131254d.jpg', '', '', '2017-04-14 13:23:54', 1, NULL, NULL, '2017-04-14 13:25:33', NULL, 1, 1, 6, 1),
(43, 'LINK4', 'L-4', 'hhhh', '2017-04-12', '2017-04-22', '555fafce9fd225a8a07e7ce98cebfd98.JPG', '', '', '2017-04-14 13:25:56', 1, NULL, NULL, '2017-04-14 13:26:42', NULL, 4, 48, 6, 1),
(44, 'PZU', 'AC Auto5', '545555555', '2017-04-18', '2017-04-27', 'c8596e22b0fd931457a96adc53c83d80.jpg', '', '', '2017-04-14 13:27:42', 1, NULL, NULL, '2017-04-14 13:29:58', NULL, 1, 2, 6, 1),
(45, 'PZU', 'AC Auto5', 'assa', '2017-03-28', '2017-04-13', 'e66f4af827d748b82af9518e36e57c74.jpg', '', '', '2017-04-14 13:31:12', 1, NULL, NULL, '2017-04-14 13:31:27', NULL, 1, 2, 6, 1),
(46, 'HESTIA', 'Turystyczna', 'klop', '2017-04-19', '2017-04-20', 'a1ff0e160cd0ea0790a91b69702295f0.jpg', ':)', ':))) L(', '2017-04-18 21:32:13', 1, '2017-04-19 09:23:09', NULL, '2017-04-19 11:15:25', NULL, 2, 4, 6, 1),
(47, 'LINK4', 'L-4', 'Praca', '2017-04-18', '2017-04-22', '4c4cf1cf24838572c119bb75f2e9c39f.jpg', 'comber 2 fotki razem', 'Klient awaturujący się', '2017-04-19 10:55:54', 1, '2017-04-19 13:17:07', 1, NULL, NULL, 4, 48, 6, 1),
(48, 'PZU', 'OC Auto', 'asas', '2017-04-04', '2017-04-14', '6a30de4de0d0776e4090daa6f4e4f5ed.JPG', 'assasa', 'assa', '2017-04-19 12:36:01', 1, NULL, NULL, NULL, NULL, 1, 1, 6, 1);

-- --------------------------------------------------------

--
-- Struktura tabeli dla tabeli `products`
--

CREATE TABLE `products` (
  `pr_id` int(11) UNSIGNED NOT NULL,
  `pr_name` varchar(255) CHARACTER SET utf8 COLLATE utf8_polish_ci NOT NULL,
  `pr_notice` text CHARACTER SET utf8 COLLATE utf8_polish_ci,
  `pr_created_at` datetime DEFAULT NULL,
  `pr_created_by` int(11) UNSIGNED DEFAULT NULL,
  `pr_updated_at` datetime DEFAULT NULL,
  `pr_updated_by` int(10) UNSIGNED DEFAULT NULL,
  `pr_deleted_at` datetime DEFAULT NULL,
  `pr_deleted_by` int(11) UNSIGNED DEFAULT NULL,
  `pr_co_id` int(11) UNSIGNED NOT NULL,
  `pr_us_id` int(11) UNSIGNED NOT NULL
) ENGINE=InnoDB DEFAULT CHARSET=latin1;

--
-- Zrzut danych tabeli `products`
--

INSERT INTO `products` (`pr_id`, `pr_name`, `pr_notice`, `pr_created_at`, `pr_created_by`, `pr_updated_at`, `pr_updated_by`, `pr_deleted_at`, `pr_deleted_by`, `pr_co_id`, `pr_us_id`) VALUES
(1, 'OC Auto', NULL, '2017-04-06 11:01:45', 1, NULL, NULL, NULL, NULL, 1, 1),
(2, 'AC Auto5', NULL, '2017-04-06 11:03:10', 1, '2017-04-11 10:36:08', 1, NULL, NULL, 1, 1),
(3, 'Życie', NULL, '2017-04-06 11:09:20', 1, NULL, NULL, NULL, NULL, 2, 1),
(4, 'Turystyczna', NULL, '2017-04-06 11:19:58', 1, NULL, NULL, NULL, NULL, 2, 1),
(5, 'Wypadek', NULL, '2017-04-06 11:38:44', 1, NULL, NULL, NULL, NULL, 2, 1),
(6, 'Choroba', NULL, '2017-04-06 11:39:36', 1, NULL, NULL, NULL, NULL, 2, 1),
(48, 'L-4', '', '2017-04-07 12:41:58', 1, NULL, NULL, NULL, NULL, 4, 1),
(50, 'Rentowe', '', '2017-04-11 10:23:54', 1, NULL, NULL, '2017-04-11 10:26:11', NULL, 4, 1),
(51, 'testdsassa', '', '2017-04-11 10:45:26', 1, '2017-04-11 10:46:03', 1, '2017-04-11 10:46:03', 1, 1, 1),
(52, '1', '', '2017-04-11 11:09:52', 1, NULL, NULL, '2017-04-11 11:11:03', NULL, 11, 1),
(53, '2', '', '2017-04-11 11:10:01', 1, NULL, NULL, '2017-04-11 11:11:03', NULL, 11, 1),
(54, '3', '', '2017-04-11 11:10:10', 1, NULL, NULL, '2017-04-11 11:11:03', NULL, 11, 1),
(55, 'A', '', '2017-04-11 11:27:05', 1, NULL, NULL, '2017-04-11 11:27:35', NULL, 12, 1),
(56, 'V', '', '2017-04-11 11:27:14', 1, '2017-04-11 11:29:04', NULL, '2017-04-11 11:29:04', 1, 12, 1),
(57, 'G', '', '2017-04-11 11:28:37', 1, '2017-04-11 11:29:04', NULL, '2017-04-11 11:29:04', 1, 12, 1),
(58, 'F', '', '2017-04-11 11:28:51', 1, '2017-04-11 11:29:04', NULL, '2017-04-11 11:29:04', 1, 12, 1),
(59, 'AA', '', '2017-04-11 11:32:37', 1, '2017-04-11 11:33:08', NULL, '2017-04-11 11:33:08', 1, 13, 1),
(60, 'BB', '', '2017-04-11 11:32:45', 1, '2017-04-11 11:33:08', NULL, '2017-04-11 11:33:08', 1, 13, 1),
(61, 'CC', '', '2017-04-11 11:32:53', 1, '2017-04-11 11:33:08', NULL, '2017-04-11 11:33:09', 1, 13, 1),
(62, 'a1', '', '2017-04-11 11:34:13', 1, '2017-04-11 11:34:36', NULL, '2017-04-11 11:34:36', 1, 14, 1),
(63, 'a2', '', '2017-04-11 11:34:19', 1, '2017-04-11 11:34:36', NULL, '2017-04-11 11:34:36', 1, 14, 1),
(64, 'a3', '', '2017-04-11 11:34:26', 1, '2017-04-11 11:34:36', NULL, '2017-04-11 11:34:36', 1, 14, 1),
(65, 'Rentowe5', '', '2017-04-11 20:17:03', 1, NULL, NULL, NULL, NULL, 6, 1),
(66, 'Zasiłkowe', '', '2017-04-11 20:17:14', 1, NULL, NULL, NULL, NULL, 6, 1),
(67, 'Becikowe', '', '2017-04-11 20:17:22', 1, NULL, NULL, NULL, NULL, 6, 1);

-- --------------------------------------------------------

--
-- Struktura tabeli dla tabeli `sessions`
--

CREATE TABLE `sessions` (
  `id` varchar(128) NOT NULL,
  `ip_address` varchar(45) NOT NULL,
  `timestamp` int(10) UNSIGNED NOT NULL DEFAULT '0',
  `data` blob NOT NULL
) ENGINE=InnoDB DEFAULT CHARSET=latin1;

--
-- Zrzut danych tabeli `sessions`
--

INSERT INTO `sessions` (`id`, `ip_address`, `timestamp`, `data`) VALUES
('rn24mt26fio1d1e0k7v4h9s3iiitdvjl', '::1', 1491996982, 0x5f5f63695f6c6173745f726567656e65726174657c693a313439313939363730323b75735f69647c733a313a2231223b75735f666e616d657c733a343a2244617275223b75735f6c6e616d657c733a353a22536d617275223b75735f656d61696c7c733a363a226440642e6465223b6167656e747c733a37333a224d6f7a696c6c612f352e30202857696e646f7773204e542031302e303b20574f5736343b2072763a35322e3029204765636b6f2f32303130303130312046697265666f782f35322e30223b6c6f67676564696e7c623a313b),
('f2429i6j2ti5mu4sgd8l6ulp5i7hbseg', '::1', 1491997118, 0x5f5f63695f6c6173745f726567656e65726174657c693a313439313939373036313b75735f69647c733a313a2231223b75735f666e616d657c733a343a2244617275223b75735f6c6e616d657c733a353a22536d617275223b75735f656d61696c7c733a363a226440642e6465223b6167656e747c733a37333a224d6f7a696c6c612f352e30202857696e646f7773204e542031302e303b20574f5736343b2072763a35322e3029204765636b6f2f32303130303130312046697265666f782f35322e30223b6c6f67676564696e7c623a313b),
('c9no2d99ttnth4o12mb1036nbfrui488', '::1', 1491999221, 0x5f5f63695f6c6173745f726567656e65726174657c693a313439313939393035313b75735f69647c733a313a2231223b75735f666e616d657c733a343a2244617275223b75735f6c6e616d657c733a353a22536d617275223b75735f656d61696c7c733a363a226440642e6465223b6167656e747c733a37333a224d6f7a696c6c612f352e30202857696e646f7773204e542031302e303b20574f5736343b2072763a35322e3029204765636b6f2f32303130303130312046697265666f782f35322e30223b6c6f67676564696e7c623a313b),
('saqro8ilq6c1eg00pm1ds2mnf7dqv721', '::1', 1491999562, 0x5f5f63695f6c6173745f726567656e65726174657c693a313439313939393336303b75735f69647c733a313a2231223b75735f666e616d657c733a343a2244617275223b75735f6c6e616d657c733a353a22536d617275223b75735f656d61696c7c733a363a226440642e6465223b6167656e747c733a37333a224d6f7a696c6c612f352e30202857696e646f7773204e542031302e303b20574f5736343b2072763a35322e3029204765636b6f2f32303130303130312046697265666f782f35322e30223b6c6f67676564696e7c623a313b),
('0v8ikm9d7lccslqn0352kklemtonovsv', '::1', 1492002154, 0x5f5f63695f6c6173745f726567656e65726174657c693a313439323030313839373b75735f69647c733a313a2231223b75735f666e616d657c733a343a2244617275223b75735f6c6e616d657c733a353a22536d617275223b75735f656d61696c7c733a363a226440642e6465223b6167656e747c733a37333a224d6f7a696c6c612f352e30202857696e646f7773204e542031302e303b20574f5736343b2072763a35322e3029204765636b6f2f32303130303130312046697265666f782f35322e30223b6c6f67676564696e7c623a313b),
('47tei6eibgsd5c0qf3ffjqfd3nq5047c', '::1', 1492004390, 0x5f5f63695f6c6173745f726567656e65726174657c693a313439323030343034393b75735f69647c733a313a2231223b75735f666e616d657c733a343a2244617275223b75735f6c6e616d657c733a353a22536d617275223b75735f656d61696c7c733a363a226440642e6465223b6167656e747c733a37333a224d6f7a696c6c612f352e30202857696e646f7773204e542031302e303b20574f5736343b2072763a35322e3029204765636b6f2f32303130303130312046697265666f782f35322e30223b6c6f67676564696e7c623a313b),
('cfab8neeafnatffpq5brefftvrf4f0f1', '::1', 1492073090, 0x5f5f63695f6c6173745f726567656e65726174657c693a313439323037323231353b75735f69647c733a313a2231223b75735f666e616d657c733a343a2244617275223b75735f6c6e616d657c733a353a22536d617275223b75735f656d61696c7c733a363a226440642e6465223b6167656e747c733a37333a224d6f7a696c6c612f352e30202857696e646f7773204e542031302e303b20574f5736343b2072763a35322e3029204765636b6f2f32303130303130312046697265666f782f35322e30223b6c6f67676564696e7c623a313b),
('ntojdumkaogjfjq5iprcqkubt2g4fbd7', '::1', 1492073551, 0x5f5f63695f6c6173745f726567656e65726174657c693a313439323037333138373b75735f69647c733a313a2231223b75735f666e616d657c733a343a2244617275223b75735f6c6e616d657c733a353a22536d617275223b75735f656d61696c7c733a363a226440642e6465223b6167656e747c733a37333a224d6f7a696c6c612f352e30202857696e646f7773204e542031302e303b20574f5736343b2072763a35322e3029204765636b6f2f32303130303130312046697265666f782f35322e30223b6c6f67676564696e7c623a313b),
('3dlt6op0249t9se7r31jhejnke1nlj1q', '::1', 1492073827, 0x5f5f63695f6c6173745f726567656e65726174657c693a313439323037333535363b75735f69647c733a313a2231223b75735f666e616d657c733a343a2244617275223b75735f6c6e616d657c733a353a22536d617275223b75735f656d61696c7c733a363a226440642e6465223b6167656e747c733a37333a224d6f7a696c6c612f352e30202857696e646f7773204e542031302e303b20574f5736343b2072763a35322e3029204765636b6f2f32303130303130312046697265666f782f35322e30223b6c6f67676564696e7c623a313b),
('2hm18713cq0cj81tunq4kohqkb10dpd0', '::1', 1492074433, 0x5f5f63695f6c6173745f726567656e65726174657c693a313439323037343136333b75735f69647c733a313a2231223b75735f666e616d657c733a343a2244617275223b75735f6c6e616d657c733a353a22536d617275223b75735f656d61696c7c733a363a226440642e6465223b6167656e747c733a37333a224d6f7a696c6c612f352e30202857696e646f7773204e542031302e303b20574f5736343b2072763a35322e3029204765636b6f2f32303130303130312046697265666f782f35322e30223b6c6f67676564696e7c623a313b),
('dang2j1i4bo8mv2o2nb4pj79vhkr7lp4', '::1', 1492074636, 0x5f5f63695f6c6173745f726567656e65726174657c693a313439323037343439383b75735f69647c733a313a2231223b75735f666e616d657c733a343a2244617275223b75735f6c6e616d657c733a353a22536d617275223b75735f656d61696c7c733a363a226440642e6465223b6167656e747c733a37333a224d6f7a696c6c612f352e30202857696e646f7773204e542031302e303b20574f5736343b2072763a35322e3029204765636b6f2f32303130303130312046697265666f782f35322e30223b6c6f67676564696e7c623a313b),
('1c7is1d1hmviuqntkb19a1piu4bkl278', '::1', 1492076722, 0x5f5f63695f6c6173745f726567656e65726174657c693a313439323037353232313b75735f69647c733a313a2231223b75735f666e616d657c733a343a2244617275223b75735f6c6e616d657c733a353a22536d617275223b75735f656d61696c7c733a363a226440642e6465223b6167656e747c733a37333a224d6f7a696c6c612f352e30202857696e646f7773204e542031302e303b20574f5736343b2072763a35322e3029204765636b6f2f32303130303130312046697265666f782f35322e30223b6c6f67676564696e7c623a313b),
('uuta1lj6pml4f53t0rl3q4ajkjgi3e96', '::1', 1492076866, 0x5f5f63695f6c6173745f726567656e65726174657c693a313439323037363835323b75735f69647c733a313a2231223b75735f666e616d657c733a343a2244617275223b75735f6c6e616d657c733a353a22536d617275223b75735f656d61696c7c733a363a226440642e6465223b6167656e747c733a37333a224d6f7a696c6c612f352e30202857696e646f7773204e542031302e303b20574f5736343b2072763a35322e3029204765636b6f2f32303130303130312046697265666f782f35322e30223b6c6f67676564696e7c623a313b),
('4lb4e3lqo1rukvfjstnkekcdno24p0mf', '::1', 1492078201, 0x5f5f63695f6c6173745f726567656e65726174657c693a313439323037373939323b75735f69647c733a313a2231223b75735f666e616d657c733a343a2244617275223b75735f6c6e616d657c733a353a22536d617275223b75735f656d61696c7c733a363a226440642e6465223b6167656e747c733a37333a224d6f7a696c6c612f352e30202857696e646f7773204e542031302e303b20574f5736343b2072763a35322e3029204765636b6f2f32303130303130312046697265666f782f35322e30223b6c6f67676564696e7c623a313b),
('ul9na3aici2vatf5ohuk3at6egrlhjft', '::1', 1492079545, 0x5f5f63695f6c6173745f726567656e65726174657c693a313439323037383331373b75735f69647c733a313a2231223b75735f666e616d657c733a343a2244617275223b75735f6c6e616d657c733a353a22536d617275223b75735f656d61696c7c733a363a226440642e6465223b6167656e747c733a37333a224d6f7a696c6c612f352e30202857696e646f7773204e542031302e303b20574f5736343b2072763a35322e3029204765636b6f2f32303130303130312046697265666f782f35322e30223b6c6f67676564696e7c623a313b),
('k789qu936ldd92nn6808tlp0gmt4rfgn', '::1', 1492079928, 0x5f5f63695f6c6173745f726567656e65726174657c693a313439323037393535303b75735f69647c733a313a2231223b75735f666e616d657c733a343a2244617275223b75735f6c6e616d657c733a353a22536d617275223b75735f656d61696c7c733a363a226440642e6465223b6167656e747c733a37333a224d6f7a696c6c612f352e30202857696e646f7773204e542031302e303b20574f5736343b2072763a35322e3029204765636b6f2f32303130303130312046697265666f782f35322e30223b6c6f67676564696e7c623a313b),
('kl6smuc92001176lobt9fod4v3sp0q9q', '::1', 1492080894, 0x5f5f63695f6c6173745f726567656e65726174657c693a313439323037393933333b75735f69647c733a313a2231223b75735f666e616d657c733a343a2244617275223b75735f6c6e616d657c733a353a22536d617275223b75735f656d61696c7c733a363a226440642e6465223b6167656e747c733a37333a224d6f7a696c6c612f352e30202857696e646f7773204e542031302e303b20574f5736343b2072763a35322e3029204765636b6f2f32303130303130312046697265666f782f35322e30223b6c6f67676564696e7c623a313b),
('4cess655fl6i5kjsjf735vc3go6b44ra', '::1', 1492081378, 0x5f5f63695f6c6173745f726567656e65726174657c693a313439323038313038303b75735f69647c733a313a2231223b75735f666e616d657c733a343a2244617275223b75735f6c6e616d657c733a353a22536d617275223b75735f656d61696c7c733a363a226440642e6465223b6167656e747c733a37333a224d6f7a696c6c612f352e30202857696e646f7773204e542031302e303b20574f5736343b2072763a35322e3029204765636b6f2f32303130303130312046697265666f782f35322e30223b6c6f67676564696e7c623a313b),
('e7fshslrolh8hbos9do7a4gub37aajq0', '::1', 1492081774, 0x5f5f63695f6c6173745f726567656e65726174657c693a313439323038313536303b75735f69647c733a313a2231223b75735f666e616d657c733a343a2244617275223b75735f6c6e616d657c733a353a22536d617275223b75735f656d61696c7c733a363a226440642e6465223b6167656e747c733a37333a224d6f7a696c6c612f352e30202857696e646f7773204e542031302e303b20574f5736343b2072763a35322e3029204765636b6f2f32303130303130312046697265666f782f35322e30223b6c6f67676564696e7c623a313b),
('66gsd44m421atn805s4ktrph1kii4169', '::1', 1492083695, 0x5f5f63695f6c6173745f726567656e65726174657c693a313439323038333634343b75735f69647c733a313a2231223b75735f666e616d657c733a343a2244617275223b75735f6c6e616d657c733a353a22536d617275223b75735f656d61696c7c733a363a226440642e6465223b6167656e747c733a37333a224d6f7a696c6c612f352e30202857696e646f7773204e542031302e303b20574f5736343b2072763a35322e3029204765636b6f2f32303130303130312046697265666f782f35322e30223b6c6f67676564696e7c623a313b),
('35ibod13m43mmsjlnh6nk5r5ktfq7lbg', '::1', 1492085555, 0x5f5f63695f6c6173745f726567656e65726174657c693a313439323038333937393b75735f69647c733a313a2231223b75735f666e616d657c733a343a2244617275223b75735f6c6e616d657c733a353a22536d617275223b75735f656d61696c7c733a363a226440642e6465223b6167656e747c733a37333a224d6f7a696c6c612f352e30202857696e646f7773204e542031302e303b20574f5736343b2072763a35322e3029204765636b6f2f32303130303130312046697265666f782f35322e30223b6c6f67676564696e7c623a313b7570646174657c733a3431383a22494e5345525420494e544f2060696e737572616e63657360202860696e5f636f5f6964602c2060696e5f70725f6964602c2060696e5f6964656e74697479602c2060696e5f6664617465602c2060696e5f6c64617465602c2060696e5f6c696e6b5f6465736372697074696f6e602c2060696e5f6e6f74696365602c2060696e5f636f5f6e616d65602c2060696e5f70725f6e616d65602c2060696e5f637265617465645f6279602c2060696e5f6c696e6b602c2060696e5f75735f6964602c2060696e5f636c5f6964602c2060696e5f637265617465645f617460292056414c55455320282732272c202733272c20274a616a6b6f272c2027323031372d30342d3134272c2027323031372d30342d3231272c2027736164617364272c202761736461736473272c2027484553544941272c2027c5bb79636965272c202731272c20272e2f6170706c69636174696f6e2f75706c6f6164732f30386230303131376336393838386564313562616163303463666539306339652e706466272c202731272c20273133272c2027323031372d30342d31332031343a31323a33352729223b),
('j00jjr9rc6u9deca98fnmk79lapotsjn', '::1', 1492085807, 0x5f5f63695f6c6173745f726567656e65726174657c693a313439323038353536303b75735f69647c733a313a2231223b75735f666e616d657c733a343a2244617275223b75735f6c6e616d657c733a353a22536d617275223b75735f656d61696c7c733a363a226440642e6465223b6167656e747c733a37333a224d6f7a696c6c612f352e30202857696e646f7773204e542031302e303b20574f5736343b2072763a35322e3029204765636b6f2f32303130303130312046697265666f782f35322e30223b6c6f67676564696e7c623a313b7570646174657c733a3430313a22494e5345525420494e544f2060696e737572616e63657360202860696e5f636f5f6964602c2060696e5f70725f6964602c2060696e5f6964656e74697479602c2060696e5f6664617465602c2060696e5f6c64617465602c2060696e5f6c696e6b5f6465736372697074696f6e602c2060696e5f6e6f74696365602c2060696e5f636f5f6e616d65602c2060696e5f70725f6e616d65602c2060696e5f637265617465645f6279602c2060696e5f6c696e6b602c2060696e5f75735f6964602c2060696e5f636c5f6964602c2060696e5f637265617465645f617460292056414c55455320282731272c202731272c2027677275272c2027323031372d30342d3134272c2027323031372d30342d3231272c2027272c2027272c2027505a55272c20274f43204175746f272c202731272c20272e2f6170706c69636174696f6e2f75706c6f6164732f31626662666438346638363237333463313739356238343932333630303833372e706466272c202731272c20273132272c2027323031372d30342d31332031343a31343a31392729223b),
('dn6hh8qk0uts1lm9j9rfokv2e9d7ddn2', '::1', 1492086420, 0x5f5f63695f6c6173745f726567656e65726174657c693a313439323038363238363b75735f69647c733a313a2231223b75735f666e616d657c733a343a2244617275223b75735f6c6e616d657c733a353a22536d617275223b75735f656d61696c7c733a363a226440642e6465223b6167656e747c733a37333a224d6f7a696c6c612f352e30202857696e646f7773204e542031302e303b20574f5736343b2072763a35322e3029204765636b6f2f32303130303130312046697265666f782f35322e30223b6c6f67676564696e7c623a313b7570646174657c733a3430313a22494e5345525420494e544f2060696e737572616e63657360202860696e5f636f5f6964602c2060696e5f70725f6964602c2060696e5f6964656e74697479602c2060696e5f6664617465602c2060696e5f6c64617465602c2060696e5f6c696e6b5f6465736372697074696f6e602c2060696e5f6e6f74696365602c2060696e5f636f5f6e616d65602c2060696e5f70725f6e616d65602c2060696e5f637265617465645f6279602c2060696e5f6c696e6b602c2060696e5f75735f6964602c2060696e5f636c5f6964602c2060696e5f637265617465645f617460292056414c55455320282731272c202731272c2027677275272c2027323031372d30342d3134272c2027323031372d30342d3231272c2027272c2027272c2027505a55272c20274f43204175746f272c202731272c20272e2f6170706c69636174696f6e2f75706c6f6164732f31626662666438346638363237333463313739356238343932333630303833372e706466272c202731272c20273132272c2027323031372d30342d31332031343a31343a31392729223b),
('o20i0pkb79vsdue1e97uvc6it5ii48u1', '::1', 1492087123, 0x5f5f63695f6c6173745f726567656e65726174657c693a313439323038363834393b75735f69647c733a313a2231223b75735f666e616d657c733a343a2244617275223b75735f6c6e616d657c733a353a22536d617275223b75735f656d61696c7c733a363a226440642e6465223b6167656e747c733a37333a224d6f7a696c6c612f352e30202857696e646f7773204e542031302e303b20574f5736343b2072763a35322e3029204765636b6f2f32303130303130312046697265666f782f35322e30223b6c6f67676564696e7c623a313b7570646174657c733a3338383a22494e5345525420494e544f2060696e737572616e63657360202860696e5f636f5f6964602c2060696e5f70725f6964602c2060696e5f6964656e74697479602c2060696e5f6664617465602c2060696e5f6c64617465602c2060696e5f6c696e6b5f6465736372697074696f6e602c2060696e5f6e6f74696365602c2060696e5f636f5f6e616d65602c2060696e5f70725f6e616d65602c2060696e5f637265617465645f6279602c2060696e5f6c696e6b602c2060696e5f75735f6964602c2060696e5f636c5f6964602c2060696e5f637265617465645f617460292056414c55455320282732272c202733272c20276a657374272c2027323031372d30342d3135272c2027323031372d30342d3230272c2027616161272c2027616161272c2027484553544941272c2027c5bb79636965272c202731272c202764613764373832396531653436313164613137396531323834346161323363302e706466272c202731272c20273133272c2027323031372d30342d31332031343a33383a33392729223b),
('ud2ev96t0h1tel1l60struvc7qldsufm', '::1', 1492087440, 0x5f5f63695f6c6173745f726567656e65726174657c693a313439323038373433393b6572726f727c733a34373a2257796c6f676f77616e6f2075c5bc79746b6f776e696b612c207a616c6f67756a207369c49920706f6e6f776e69652e223b5f5f63695f766172737c613a313a7b733a353a226572726f72223b733a333a226f6c64223b7d),
('7r4ik7dpjn49k285pv8s2k109c8jba20', '::1', 1492087814, 0x5f5f63695f6c6173745f726567656e65726174657c693a313439323038373831343b6572726f727c733a34373a2257796c6f676f77616e6f2075c5bc79746b6f776e696b612c207a616c6f67756a207369c49920706f6e6f776e69652e223b5f5f63695f766172737c613a313a7b733a353a226572726f72223b733a333a226f6c64223b7d),
('3j6vilhkjlmsrmjg5rfp3v0h97g1nfmp', '::1', 1492088710, 0x5f5f63695f6c6173745f726567656e65726174657c693a313439323038383431323b75735f69647c733a313a2231223b75735f666e616d657c733a343a2244617275223b75735f6c6e616d657c733a353a22536d617275223b75735f656d61696c7c733a363a226440642e6465223b6167656e747c733a37333a224d6f7a696c6c612f352e30202857696e646f7773204e542031302e303b20574f5736343b2072763a35322e3029204765636b6f2f32303130303130312046697265666f782f35322e30223b6c6f67676564696e7c623a313b),
('c1sko2thm9uqccvbe7bvfp7sjvtid5e5', '::1', 1492089277, 0x5f5f63695f6c6173745f726567656e65726174657c693a313439323038383830363b75735f69647c733a313a2231223b75735f666e616d657c733a343a2244617275223b75735f6c6e616d657c733a353a22536d617275223b75735f656d61696c7c733a363a226440642e6465223b6167656e747c733a37333a224d6f7a696c6c612f352e30202857696e646f7773204e542031302e303b20574f5736343b2072763a35322e3029204765636b6f2f32303130303130312046697265666f782f35322e30223b6c6f67676564696e7c623a313b7570646174657c733a3338333a22494e5345525420494e544f2060696e737572616e63657360202860696e5f636f5f6964602c2060696e5f70725f6964602c2060696e5f6964656e74697479602c2060696e5f6664617465602c2060696e5f6c64617465602c2060696e5f6c696e6b5f6465736372697074696f6e602c2060696e5f6e6f74696365602c2060696e5f636f5f6e616d65602c2060696e5f70725f6e616d65602c2060696e5f637265617465645f6279602c2060696e5f6c696e6b602c2060696e5f75735f6964602c2060696e5f636c5f6964602c2060696e5f637265617465645f617460292056414c55455320282731272c202732272c2027617373617361272c2027323031372d30342d3134272c2027323031372d30342d3134272c2027272c2027272c2027505a55272c20274143204175746f35272c202731272c202730333866383337633266653733303635633435343164393635326465383136382e6a7067272c202731272c20273133272c2027323031372d30342d31332031353a31343a33372729223b),
('9gak0qecqkk96e38hsko1gjov9glvh4d', '::1', 1492089670, 0x5f5f63695f6c6173745f726567656e65726174657c693a313439323038393635363b75735f69647c733a313a2231223b75735f666e616d657c733a343a2244617275223b75735f6c6e616d657c733a353a22536d617275223b75735f656d61696c7c733a363a226440642e6465223b6167656e747c733a37333a224d6f7a696c6c612f352e30202857696e646f7773204e542031302e303b20574f5736343b2072763a35322e3029204765636b6f2f32303130303130312046697265666f782f35322e30223b6c6f67676564696e7c623a313b),
('m6cb1np54k0amtvrdqckbfkr8s9h1lnb', '::1', 1492090253, 0x5f5f63695f6c6173745f726567656e65726174657c693a313439323039303033343b75735f69647c733a313a2231223b75735f666e616d657c733a343a2244617275223b75735f6c6e616d657c733a353a22536d617275223b75735f656d61696c7c733a363a226440642e6465223b6167656e747c733a37333a224d6f7a696c6c612f352e30202857696e646f7773204e542031302e303b20574f5736343b2072763a35322e3029204765636b6f2f32303130303130312046697265666f782f35322e30223b6c6f67676564696e7c623a313b7570646174657c733a3432323a22494e5345525420494e544f2060696e737572616e63657360202860696e5f636f5f6964602c2060696e5f70725f6964602c2060696e5f6964656e74697479602c2060696e5f6664617465602c2060696e5f6c64617465602c2060696e5f6c696e6b5f6465736372697074696f6e602c2060696e5f6e6f74696365602c2060696e5f636f5f6e616d65602c2060696e5f70725f6e616d65602c2060696e5f637265617465645f6279602c2060696e5f6c696e6b602c2060696e5f75735f6964602c2060696e5f636c5f6964602c2060696e5f637265617465645f617460292056414c55455320282734272c20273438272c20274f64206e696572c3b36273747761272c2027323031372d30342d3139272c2027323031372d30342d3238272c2027556d6f7761206e61206f736f62c4992066697a79637a6ec4852074796c6b6f272c20273a29272c20274c494e4b34272c20274c2d34272c202731272c202735366466636137356235373764626661653663326566383162623537323431382e6a7067272c202731272c20273133272c2027323031372d30342d31332031353a33303a34382729223b),
('lpdp31pvbuc6sjai1qpvtg7aefhhu08s', '::1', 1492091032, 0x5f5f63695f6c6173745f726567656e65726174657c693a313439323039313031303b75735f69647c733a313a2231223b75735f666e616d657c733a343a2244617275223b75735f6c6e616d657c733a353a22536d617275223b75735f656d61696c7c733a363a226440642e6465223b6167656e747c733a37333a224d6f7a696c6c612f352e30202857696e646f7773204e542031302e303b20574f5736343b2072763a35322e3029204765636b6f2f32303130303130312046697265666f782f35322e30223b6c6f67676564696e7c623a313b),
('omg5903h6tsitt7q4fgfqqhpk0sqc6sh', '::1', 1492160056, 0x5f5f63695f6c6173745f726567656e65726174657c693a313439323135393935353b75735f69647c733a313a2231223b75735f666e616d657c733a343a2244617275223b75735f6c6e616d657c733a353a22536d617275223b75735f656d61696c7c733a363a226440642e6465223b6167656e747c733a37333a224d6f7a696c6c612f352e30202857696e646f7773204e542031302e303b20574f5736343b2072763a35322e3029204765636b6f2f32303130303130312046697265666f782f35322e30223b6c6f67676564696e7c623a313b7570646174657c733a3432323a22494e5345525420494e544f2060696e737572616e63657360202860696e5f636f5f6964602c2060696e5f70725f6964602c2060696e5f6964656e74697479602c2060696e5f6664617465602c2060696e5f6c64617465602c2060696e5f6c696e6b5f6465736372697074696f6e602c2060696e5f6e6f74696365602c2060696e5f636f5f6e616d65602c2060696e5f70725f6e616d65602c2060696e5f637265617465645f6279602c2060696e5f6c696e6b602c2060696e5f75735f6964602c2060696e5f636c5f6964602c2060696e5f637265617465645f617460292056414c55455320282732272c202735272c2027546f207a61206175746f272c2027323031372d30342d3134272c2027323031372d30342d3231272c2027506f7477696572647a6f6e6b6f207370c582617479206b726564797475272c20276a2e772e272c2027484553544941272c20275779706164656b272c202731272c202733643366333261336430336438646639303835386339656435376131376136302e706466272c202731272c20273133272c2027323031372d30342d31342031303a35343a30342729223b),
('2niktjbp73glc2op95vi27ngcnhn3747', '::1', 1492162241, 0x5f5f63695f6c6173745f726567656e65726174657c693a313439323136323137303b75735f69647c733a313a2231223b75735f666e616d657c733a343a2244617275223b75735f6c6e616d657c733a353a22536d617275223b75735f656d61696c7c733a363a226440642e6465223b6167656e747c733a37333a224d6f7a696c6c612f352e30202857696e646f7773204e542031302e303b20574f5736343b2072763a35322e3029204765636b6f2f32303130303130312046697265666f782f35322e30223b6c6f67676564696e7c623a313b7570646174657c733a3432323a22494e5345525420494e544f2060696e737572616e63657360202860696e5f636f5f6964602c2060696e5f70725f6964602c2060696e5f6964656e74697479602c2060696e5f6664617465602c2060696e5f6c64617465602c2060696e5f6c696e6b5f6465736372697074696f6e602c2060696e5f6e6f74696365602c2060696e5f636f5f6e616d65602c2060696e5f70725f6e616d65602c2060696e5f637265617465645f6279602c2060696e5f6c696e6b602c2060696e5f75735f6964602c2060696e5f636c5f6964602c2060696e5f637265617465645f617460292056414c55455320282732272c202735272c2027546f207a61206175746f272c2027323031372d30342d3134272c2027323031372d30342d3231272c2027506f7477696572647a6f6e6b6f207370c582617479206b726564797475272c20276a2e772e272c2027484553544941272c20275779706164656b272c202731272c202733643366333261336430336438646639303835386339656435376131376136302e706466272c202731272c20273133272c2027323031372d30342d31342031303a35343a30342729223b6372656174657c733a3339323a22494e5345525420494e544f2060696e737572616e63657360202860696e5f636f5f6964602c2060696e5f70725f6964602c2060696e5f6964656e74697479602c2060696e5f6664617465602c2060696e5f6c64617465602c2060696e5f6c696e6b5f6465736372697074696f6e602c2060696e5f6e6f74696365602c2060696e5f636f5f6e616d65602c2060696e5f70725f6e616d65602c2060696e5f637265617465645f6279602c2060696e5f6c696e6b602c2060696e5f75735f6964602c2060696e5f636c5f6964602c2060696e5f637265617465645f617460292056414c55455320282736272c20273635272c202761736173272c2027323031372d30342d3134272c2027323031372d30342d3231272c202761736173272c202761736173272c20275741525441272c202752656e746f776535272c202731272c202739383161653335313863346266613664623231633335333236343233366232302e4a5047272c202731272c20273133272c2027323031372d30342d31342031313a33303a33342729223b),
('stbkt2cs8seeb86svfkmor84mruk2fta', '::1', 1492163269, 0x5f5f63695f6c6173745f726567656e65726174657c693a313439323136333030393b75735f69647c733a313a2231223b75735f666e616d657c733a343a2244617275223b75735f6c6e616d657c733a353a22536d617275223b75735f656d61696c7c733a363a226440642e6465223b6167656e747c733a37333a224d6f7a696c6c612f352e30202857696e646f7773204e542031302e303b20574f5736343b2072763a35322e3029204765636b6f2f32303130303130312046697265666f782f35322e30223b6c6f67676564696e7c623a313b7570646174657c733a3432323a22494e5345525420494e544f2060696e737572616e63657360202860696e5f636f5f6964602c2060696e5f70725f6964602c2060696e5f6964656e74697479602c2060696e5f6664617465602c2060696e5f6c64617465602c2060696e5f6c696e6b5f6465736372697074696f6e602c2060696e5f6e6f74696365602c2060696e5f636f5f6e616d65602c2060696e5f70725f6e616d65602c2060696e5f637265617465645f6279602c2060696e5f6c696e6b602c2060696e5f75735f6964602c2060696e5f636c5f6964602c2060696e5f637265617465645f617460292056414c55455320282732272c202735272c2027546f207a61206175746f272c2027323031372d30342d3134272c2027323031372d30342d3231272c2027506f7477696572647a6f6e6b6f207370c582617479206b726564797475272c20276a2e772e272c2027484553544941272c20275779706164656b272c202731272c202733643366333261336430336438646639303835386339656435376131376136302e706466272c202731272c20273133272c2027323031372d30342d31342031303a35343a30342729223b6372656174657c733a3338313a22494e5345525420494e544f2060696e737572616e63657360202860696e5f636f5f6964602c2060696e5f70725f6964602c2060696e5f6964656e74697479602c2060696e5f6664617465602c2060696e5f6c64617465602c2060696e5f6c696e6b5f6465736372697074696f6e602c2060696e5f6e6f74696365602c2060696e5f636f5f6e616d65602c2060696e5f70725f6e616d65602c2060696e5f637265617465645f6279602c2060696e5f6c696e6b602c2060696e5f75735f6964602c2060696e5f636c5f6964602c2060696e5f637265617465645f617460292056414c55455320282736272c20273635272c202767272c2027323031372d30342d3133272c2027323031372d30342d3231272c2027272c2027272c20275741525441272c202752656e746f776535272c202731272c202739386438643265643663316363343065373139356239323831323439633236652e6a7067272c202731272c20273133272c2027323031372d30342d31342031313a34373a34392729223b),
('kev2enngtrh6c8k4c8nvgng82lodpi18', '::1', 1492163620, 0x5f5f63695f6c6173745f726567656e65726174657c693a313439323136333332323b75735f69647c733a313a2231223b75735f666e616d657c733a343a2244617275223b75735f6c6e616d657c733a353a22536d617275223b75735f656d61696c7c733a363a226440642e6465223b6167656e747c733a37333a224d6f7a696c6c612f352e30202857696e646f7773204e542031302e303b20574f5736343b2072763a35322e3029204765636b6f2f32303130303130312046697265666f782f35322e30223b6c6f67676564696e7c623a313b7570646174657c733a3339333a22494e5345525420494e544f2060696e737572616e63657360202860696e5f636f5f6964602c2060696e5f70725f6964602c2060696e5f6964656e74697479602c2060696e5f6664617465602c2060696e5f6c64617465602c2060696e5f6c696e6b5f6465736372697074696f6e602c2060696e5f6e6f74696365602c2060696e5f636f5f6e616d65602c2060696e5f70725f6e616d65602c2060696e5f637265617465645f6279602c2060696e5f6c696e6b602c2060696e5f75735f6964602c2060696e5f636c5f6964602c2060696e5f637265617465645f617460292056414c55455320282732272c202734272c2027646174612e696e5f6964272c2027323031372d30342d3138272c2027323031372d30352d3034272c2027272c2027272c2027484553544941272c202754757279737479637a6e61272c202731272c202739323937663930383239383263366438626361633863393766396338363130312e706466272c202731272c20273133272c2027323031372d30342d31342031313a35303a31322729223b6372656174657c733a3434363a22494e5345525420494e544f2060696e737572616e63657360202860696e5f636f5f6964602c2060696e5f70725f6964602c2060696e5f6964656e74697479602c2060696e5f6664617465602c2060696e5f6c64617465602c2060696e5f6c696e6b5f6465736372697074696f6e602c2060696e5f6e6f74696365602c2060696e5f636f5f6e616d65602c2060696e5f70725f6e616d65602c2060696e5f637265617465645f6279602c2060696e5f6c696e6b602c2060696e5f75735f6964602c2060696e5f636c5f6964602c2060696e5f637265617465645f617460292056414c55455320282732272c202734272c202724746869732d3e73657373696f6e2d3e75736572646174615b5c276372656174655c275d203d2024746869732d3e64622d3e6c6173745f717565727928293b272c2027323031372d30342d3230272c2027323031372d30342d3239272c2027272c2027272c2027484553544941272c202754757279737479637a6e61272c202731272c202763333965623163643730313534346439396432626230623634663934363736652e6a7067272c202731272c20273133272c2027323031372d30342d31342031313a35333a34302729223b),
('h2e7admnhvgidiog0qic174gghbmcqhi', '::1', 1492163866, 0x5f5f63695f6c6173745f726567656e65726174657c693a313439323136333632343b75735f69647c733a313a2231223b75735f666e616d657c733a343a2244617275223b75735f6c6e616d657c733a353a22536d617275223b75735f656d61696c7c733a363a226440642e6465223b6167656e747c733a37333a224d6f7a696c6c612f352e30202857696e646f7773204e542031302e303b20574f5736343b2072763a35322e3029204765636b6f2f32303130303130312046697265666f782f35322e30223b6c6f67676564696e7c623a313b7570646174657c733a3339333a22494e5345525420494e544f2060696e737572616e63657360202860696e5f636f5f6964602c2060696e5f70725f6964602c2060696e5f6964656e74697479602c2060696e5f6664617465602c2060696e5f6c64617465602c2060696e5f6c696e6b5f6465736372697074696f6e602c2060696e5f6e6f74696365602c2060696e5f636f5f6e616d65602c2060696e5f70725f6e616d65602c2060696e5f637265617465645f6279602c2060696e5f6c696e6b602c2060696e5f75735f6964602c2060696e5f636c5f6964602c2060696e5f637265617465645f617460292056414c55455320282732272c202734272c2027646174612e696e5f6964272c2027323031372d30342d3138272c2027323031372d30352d3034272c2027272c2027272c2027484553544941272c202754757279737479637a6e61272c202731272c202739323937663930383239383263366438626361633863393766396338363130312e706466272c202731272c20273133272c2027323031372d30342d31342031313a35303a31322729223b6372656174657c733a3338373a22494e5345525420494e544f2060696e737572616e63657360202860696e5f636f5f6964602c2060696e5f70725f6964602c2060696e5f6964656e74697479602c2060696e5f6664617465602c2060696e5f6c64617465602c2060696e5f6c696e6b5f6465736372697074696f6e602c2060696e5f6e6f74696365602c2060696e5f636f5f6e616d65602c2060696e5f70725f6e616d65602c2060696e5f637265617465645f6279602c2060696e5f6c696e6b602c2060696e5f75735f6964602c2060696e5f636c5f6964602c2060696e5f637265617465645f617460292056414c55455320282734272c20273438272c202761736173272c2027323031372d30342d3237272c2027323031372d30342d3238272c202761736173272c202761737361272c20274c494e4b34272c20274c2d34272c202731272c202734653535666433666339613565313537663031616437613866303334613766622e6a7067272c202731272c20273133272c2027323031372d30342d31342031313a35373a34312729223b),
('m15ed5evqmag7lnaptfh5shhso1pe4ba', '::1', 1492165454, 0x5f5f63695f6c6173745f726567656e65726174657c693a313439323136353136343b75735f69647c733a313a2231223b75735f666e616d657c733a343a2244617275223b75735f6c6e616d657c733a353a22536d617275223b75735f656d61696c7c733a363a226440642e6465223b6167656e747c733a37333a224d6f7a696c6c612f352e30202857696e646f7773204e542031302e303b20574f5736343b2072763a35322e3029204765636b6f2f32303130303130312046697265666f782f35322e30223b6c6f67676564696e7c623a313b7570646174657c733a3339333a22494e5345525420494e544f2060696e737572616e63657360202860696e5f636f5f6964602c2060696e5f70725f6964602c2060696e5f6964656e74697479602c2060696e5f6664617465602c2060696e5f6c64617465602c2060696e5f6c696e6b5f6465736372697074696f6e602c2060696e5f6e6f74696365602c2060696e5f636f5f6e616d65602c2060696e5f70725f6e616d65602c2060696e5f637265617465645f6279602c2060696e5f6c696e6b602c2060696e5f75735f6964602c2060696e5f636c5f6964602c2060696e5f637265617465645f617460292056414c55455320282732272c202734272c2027646174612e696e5f6964272c2027323031372d30342d3138272c2027323031372d30352d3034272c2027272c2027272c2027484553544941272c202754757279737479637a6e61272c202731272c202739323937663930383239383263366438626361633863393766396338363130312e706466272c202731272c20273133272c2027323031372d30342d31342031313a35303a31322729223b6372656174657c733a3339393a22494e5345525420494e544f2060696e737572616e63657360202860696e5f636f5f6964602c2060696e5f70725f6964602c2060696e5f6964656e74697479602c2060696e5f6664617465602c2060696e5f6c64617465602c2060696e5f6c696e6b5f6465736372697074696f6e602c2060696e5f6e6f74696365602c2060696e5f636f5f6e616d65602c2060696e5f70725f6e616d65602c2060696e5f637265617465645f6279602c2060696e5f6c696e6b602c2060696e5f75735f6964602c2060696e5f636c5f6964602c2060696e5f637265617465645f617460292056414c55455320282734272c20273438272c20275c27202b20646174612e696e5f6e6f74696365202b205c27272c2027323031372d30342d3236272c2027323031372d30352d3036272c2027272c2027272c20274c494e4b34272c20274c2d34272c202731272c202762313362646438643964303365633834663130353066616565313338613566332e6a7067272c202731272c20273133272c2027323031372d30342d31342031323a32343a31342729223b),
('0klredk5e4ifp4uabb552dhjt0eenn23', '::1', 1492165792, 0x5f5f63695f6c6173745f726567656e65726174657c693a313439323136353532333b75735f69647c733a313a2231223b75735f666e616d657c733a343a2244617275223b75735f6c6e616d657c733a353a22536d617275223b75735f656d61696c7c733a363a226440642e6465223b6167656e747c733a37333a224d6f7a696c6c612f352e30202857696e646f7773204e542031302e303b20574f5736343b2072763a35322e3029204765636b6f2f32303130303130312046697265666f782f35322e30223b6c6f67676564696e7c623a313b7570646174657c733a3339333a22494e5345525420494e544f2060696e737572616e63657360202860696e5f636f5f6964602c2060696e5f70725f6964602c2060696e5f6964656e74697479602c2060696e5f6664617465602c2060696e5f6c64617465602c2060696e5f6c696e6b5f6465736372697074696f6e602c2060696e5f6e6f74696365602c2060696e5f636f5f6e616d65602c2060696e5f70725f6e616d65602c2060696e5f637265617465645f6279602c2060696e5f6c696e6b602c2060696e5f75735f6964602c2060696e5f636c5f6964602c2060696e5f637265617465645f617460292056414c55455320282732272c202734272c2027646174612e696e5f6964272c2027323031372d30342d3138272c2027323031372d30352d3034272c2027272c2027272c2027484553544941272c202754757279737479637a6e61272c202731272c202739323937663930383239383263366438626361633863393766396338363130312e706466272c202731272c20273133272c2027323031372d30342d31342031313a35303a31322729223b6372656174657c733a3338343a22494e5345525420494e544f2060696e737572616e63657360202860696e5f636f5f6964602c2060696e5f70725f6964602c2060696e5f6964656e74697479602c2060696e5f6664617465602c2060696e5f6c64617465602c2060696e5f6c696e6b5f6465736372697074696f6e602c2060696e5f6e6f74696365602c2060696e5f636f5f6e616d65602c2060696e5f70725f6e616d65602c2060696e5f637265617465645f6279602c2060696e5f6c696e6b602c2060696e5f75735f6964602c2060696e5f636c5f6964602c2060696e5f637265617465645f617460292056414c55455320282736272c20273635272c202767636768272c2027323031372d30342d3130272c2027323031372d30342d3231272c2027272c2027272c20275741525441272c202752656e746f776535272c202731272c202731373536663838333538396461613834616162656531633936613635626639662e6a7067272c202731272c20273133272c2027323031372d30342d31342031323a32393a35322729223b),
('49rnjdtle8nes2q375apn0t44vq8qsne', '::1', 1492166098, 0x5f5f63695f6c6173745f726567656e65726174657c693a313439323136353832343b75735f69647c733a313a2231223b75735f666e616d657c733a343a2244617275223b75735f6c6e616d657c733a353a22536d617275223b75735f656d61696c7c733a363a226440642e6465223b6167656e747c733a37333a224d6f7a696c6c612f352e30202857696e646f7773204e542031302e303b20574f5736343b2072763a35322e3029204765636b6f2f32303130303130312046697265666f782f35322e30223b6c6f67676564696e7c623a313b7570646174657c733a3339333a22494e5345525420494e544f2060696e737572616e63657360202860696e5f636f5f6964602c2060696e5f70725f6964602c2060696e5f6964656e74697479602c2060696e5f6664617465602c2060696e5f6c64617465602c2060696e5f6c696e6b5f6465736372697074696f6e602c2060696e5f6e6f74696365602c2060696e5f636f5f6e616d65602c2060696e5f70725f6e616d65602c2060696e5f637265617465645f6279602c2060696e5f6c696e6b602c2060696e5f75735f6964602c2060696e5f636c5f6964602c2060696e5f637265617465645f617460292056414c55455320282732272c202734272c2027646174612e696e5f6964272c2027323031372d30342d3138272c2027323031372d30352d3034272c2027272c2027272c2027484553544941272c202754757279737479637a6e61272c202731272c202739323937663930383239383263366438626361633863393766396338363130312e706466272c202731272c20273133272c2027323031372d30342d31342031313a35303a31322729223b6372656174657c733a3338343a22494e5345525420494e544f2060696e737572616e63657360202860696e5f636f5f6964602c2060696e5f70725f6964602c2060696e5f6964656e74697479602c2060696e5f6664617465602c2060696e5f6c64617465602c2060696e5f6c696e6b5f6465736372697074696f6e602c2060696e5f6e6f74696365602c2060696e5f636f5f6e616d65602c2060696e5f70725f6e616d65602c2060696e5f637265617465645f6279602c2060696e5f6c696e6b602c2060696e5f75735f6964602c2060696e5f636c5f6964602c2060696e5f637265617465645f617460292056414c55455320282736272c20273637272c202779756875272c2027323031372d30342d3133272c2027323031372d30342d3236272c2027272c2027272c20275741525441272c2027426563696b6f7765272c202731272c202735353565666336646434366663663064623031313364656263653965376534652e6a7067272c202731272c20273133272c2027323031372d30342d31342031323a33343a34302729223b),
('amf0jea6atev415k5sknuinerr5966nl', '::1', 1492166555, 0x5f5f63695f6c6173745f726567656e65726174657c693a313439323136363334383b75735f69647c733a313a2231223b75735f666e616d657c733a343a2244617275223b75735f6c6e616d657c733a353a22536d617275223b75735f656d61696c7c733a363a226440642e6465223b6167656e747c733a37333a224d6f7a696c6c612f352e30202857696e646f7773204e542031302e303b20574f5736343b2072763a35322e3029204765636b6f2f32303130303130312046697265666f782f35322e30223b6c6f67676564696e7c623a313b7570646174657c733a3130353a225550444154452060696e737572616e63657360205345542060696e5f6e6f7469636560203d2027686868272c2060696e5f757064617465645f617460203d2027323031372d30342d31342031323a34323a3334270a57484552452060696e5f696460203d2027333027223b6372656174657c733a3338343a22494e5345525420494e544f2060696e737572616e63657360202860696e5f636f5f6964602c2060696e5f70725f6964602c2060696e5f6964656e74697479602c2060696e5f6664617465602c2060696e5f6c64617465602c2060696e5f6c696e6b5f6465736372697074696f6e602c2060696e5f6e6f74696365602c2060696e5f636f5f6e616d65602c2060696e5f70725f6e616d65602c2060696e5f637265617465645f6279602c2060696e5f6c696e6b602c2060696e5f75735f6964602c2060696e5f636c5f6964602c2060696e5f637265617465645f617460292056414c55455320282736272c20273637272c202779756875272c2027323031372d30342d3133272c2027323031372d30342d3236272c2027272c2027272c20275741525441272c2027426563696b6f7765272c202731272c202735353565666336646434366663663064623031313364656263653965376534652e6a7067272c202731272c20273133272c2027323031372d30342d31342031323a33343a34302729223b),
('cjn5vv01lqemnvhnumqktoh4ng3bl5iv', '::1', 1492167589, 0x5f5f63695f6c6173745f726567656e65726174657c693a313439323136373239343b75735f69647c733a313a2231223b75735f666e616d657c733a343a2244617275223b75735f6c6e616d657c733a353a22536d617275223b75735f656d61696c7c733a363a226440642e6465223b6167656e747c733a37333a224d6f7a696c6c612f352e30202857696e646f7773204e542031302e303b20574f5736343b2072763a35322e3029204765636b6f2f32303130303130312046697265666f782f35322e30223b6c6f67676564696e7c623a313b7570646174657c733a3130353a225550444154452060696e737572616e63657360205345542060696e5f6e6f7469636560203d2027686868272c2060696e5f757064617465645f617460203d2027323031372d30342d31342031323a34323a3334270a57484552452060696e5f696460203d2027333027223b6372656174657c733a3338373a22494e5345525420494e544f2060696e737572616e63657360202860696e5f636f5f6964602c2060696e5f70725f6964602c2060696e5f6964656e74697479602c2060696e5f6664617465602c2060696e5f6c64617465602c2060696e5f6c696e6b5f6465736372697074696f6e602c2060696e5f6e6f74696365602c2060696e5f636f5f6e616d65602c2060696e5f70725f6e616d65602c2060696e5f637265617465645f6279602c2060696e5f6c696e6b602c2060696e5f75735f6964602c2060696e5f636c5f6964602c2060696e5f637265617465645f617460292056414c55455320282734272c20273438272c202761736173272c2027323031372d30332d3330272c2027323031372d30342d3237272c202761736173272c202761736173272c20274c494e4b34272c20274c2d34272c202731272c202732323634613835383336356566306162353037343061643163653965646631662e6a7067272c202731272c20273133272c2027323031372d30342d31342031323a35383a31352729223b64656c6574657c733a39373a2253454c454354202a0a46524f4d2060696e737572616e636573600a574845524520696e737572616e6365732e696e5f64656c657465645f6174204953204e554c4c0a414e442060696e737572616e636573602e60696e5f696460203d2027333127223b),
('q4icbvmm2ebich9p348ed53ldoi98i1c', '::1', 1492167933, 0x5f5f63695f6c6173745f726567656e65726174657c693a313439323136373631373b75735f69647c733a313a2231223b75735f666e616d657c733a343a2244617275223b75735f6c6e616d657c733a353a22536d617275223b75735f656d61696c7c733a363a226440642e6465223b6167656e747c733a37333a224d6f7a696c6c612f352e30202857696e646f7773204e542031302e303b20574f5736343b2072763a35322e3029204765636b6f2f32303130303130312046697265666f782f35322e30223b6c6f67676564696e7c623a313b7570646174657c733a3130353a225550444154452060696e737572616e63657360205345542060696e5f6e6f7469636560203d2027686868272c2060696e5f757064617465645f617460203d2027323031372d30342d31342031323a34323a3334270a57484552452060696e5f696460203d2027333027223b6372656174657c733a3338353a22494e5345525420494e544f2060696e737572616e63657360202860696e5f636f5f6964602c2060696e5f70725f6964602c2060696e5f6964656e74697479602c2060696e5f6664617465602c2060696e5f6c64617465602c2060696e5f6c696e6b5f6465736372697074696f6e602c2060696e5f6e6f74696365602c2060696e5f636f5f6e616d65602c2060696e5f70725f6e616d65602c2060696e5f637265617465645f6279602c2060696e5f6c696e6b602c2060696e5f75735f6964602c2060696e5f636c5f6964602c2060696e5f637265617465645f617460292056414c55455320282732272c202734272c20276173272c2027323031372d30342d3033272c2027323031372d30342d3237272c2027272c2027272c2027484553544941272c202754757279737479637a6e61272c202731272c202762366162663832636536343865393138363437373864313034343930376665322e4a5047272c202731272c20273133272c2027323031372d30342d31342031333a30353a33322729223b64656c6574657c733a3231313a225550444154452060696e737572616e63657360205345542060696e5f64656c657465645f617460203d2043415345200a5748454e2060696e5f696460203d2027333427205448454e2027323031372d30342d31342031333a30343a3431270a454c53452060696e5f64656c657465645f61746020454e440a574845524520696e737572616e6365732e696e5f64656c657465645f6174204953204e554c4c0a414e442060696e737572616e636573602e60696e5f696460203d20273334270a414e442060696e5f69646020494e282733342729223b),
('p6vemr9gsro8p65hdcq5sbq51ev7tbjj', '::1', 1492168101, 0x5f5f63695f6c6173745f726567656e65726174657c693a313439323136373933363b75735f69647c733a313a2231223b75735f666e616d657c733a343a2244617275223b75735f6c6e616d657c733a353a22536d617275223b75735f656d61696c7c733a363a226440642e6465223b6167656e747c733a37333a224d6f7a696c6c612f352e30202857696e646f7773204e542031302e303b20574f5736343b2072763a35322e3029204765636b6f2f32303130303130312046697265666f782f35322e30223b6c6f67676564696e7c623a313b7570646174657c733a3130353a225550444154452060696e737572616e63657360205345542060696e5f6e6f7469636560203d2027686868272c2060696e5f757064617465645f617460203d2027323031372d30342d31342031323a34323a3334270a57484552452060696e5f696460203d2027333027223b6372656174657c733a3338373a22494e5345525420494e544f2060696e737572616e63657360202860696e5f636f5f6964602c2060696e5f70725f6964602c2060696e5f6964656e74697479602c2060696e5f6664617465602c2060696e5f6c64617465602c2060696e5f6c696e6b5f6465736372697074696f6e602c2060696e5f6e6f74696365602c2060696e5f636f5f6e616d65602c2060696e5f70725f6e616d65602c2060696e5f637265617465645f6279602c2060696e5f6c696e6b602c2060696e5f75735f6964602c2060696e5f636c5f6964602c2060696e5f637265617465645f617460292056414c55455320282732272c202734272c202761737361272c2027323031372d30342d3131272c2027323031372d30342d3230272c2027272c2027272c2027484553544941272c202754757279737479637a6e61272c202731272c202735616139666330333138326139316630663439373131633963366265653731632e6a7067272c202731272c20273133272c2027323031372d30342d31342031333a30373a33302729223b64656c6574657c733a3231313a225550444154452060696e737572616e63657360205345542060696e5f64656c657465645f617460203d2043415345200a5748454e2060696e5f696460203d2027333727205448454e2027323031372d30342d31342031333a30383a3131270a454c53452060696e5f64656c657465645f61746020454e440a574845524520696e737572616e6365732e696e5f64656c657465645f6174204953204e554c4c0a414e442060696e737572616e636573602e60696e5f696460203d20273337270a414e442060696e5f69646020494e282733372729223b),
('49k81dkpnjhg0kg9q5a1qql9h1vbd829', '::1', 1492168457, 0x5f5f63695f6c6173745f726567656e65726174657c693a313439323136383432323b75735f69647c733a313a2231223b75735f666e616d657c733a343a2244617275223b75735f6c6e616d657c733a353a22536d617275223b75735f656d61696c7c733a363a226440642e6465223b6167656e747c733a37333a224d6f7a696c6c612f352e30202857696e646f7773204e542031302e303b20574f5736343b2072763a35322e3029204765636b6f2f32303130303130312046697265666f782f35322e30223b6c6f67676564696e7c623a313b6372656174657c733a3431383a22494e5345525420494e544f2060696e737572616e63657360202860696e5f636f5f6964602c2060696e5f70725f6964602c2060696e5f6964656e74697479602c2060696e5f6664617465602c2060696e5f6c64617465602c2060696e5f6c696e6b5f6465736372697074696f6e602c2060696e5f6e6f74696365602c2060696e5f636f5f6e616d65602c2060696e5f70725f6e616d65602c2060696e5f637265617465645f6279602c2060696e5f6c696e6b602c2060696e5f75735f6964602c2060696e5f636c5f6964602c2060696e5f637265617465645f617460292056414c55455320282732272c202734272c202724285c2723696e5f69642d33345c27202b206964292e666164654f75742831303030293b272c2027323031372d30342d3236272c2027323031372d30342d3238272c2027272c2027272c2027484553544941272c202754757279737479637a6e61272c202731272c202733343732323433306163363961326233373631313239313265313433313039322e6a7067272c202731272c202738272c2027323031372d30342d31342031333a31343a30392729223b64656c6574657c733a3231313a225550444154452060696e737572616e63657360205345542060696e5f64656c657465645f617460203d2043415345200a5748454e2060696e5f696460203d2027343127205448454e2027323031372d30342d31342031333a31343a3137270a454c53452060696e5f64656c657465645f61746020454e440a574845524520696e737572616e6365732e696e5f64656c657465645f6174204953204e554c4c0a414e442060696e737572616e636573602e60696e5f696460203d20273431270a414e442060696e5f69646020494e282734312729223b),
('ql54ac99o4j9vn8gu8vo8731cmstbdt0', '::1', 1492169202, 0x5f5f63695f6c6173745f726567656e65726174657c693a313439323136383930363b75735f69647c733a313a2231223b75735f666e616d657c733a343a2244617275223b75735f6c6e616d657c733a353a22536d617275223b75735f656d61696c7c733a363a226440642e6465223b6167656e747c733a37333a224d6f7a696c6c612f352e30202857696e646f7773204e542031302e303b20574f5736343b2072763a35322e3029204765636b6f2f32303130303130312046697265666f782f35322e30223b6c6f67676564696e7c623a313b6372656174657c733a3337383a22494e5345525420494e544f2060696e737572616e63657360202860696e5f636f5f6964602c2060696e5f70725f6964602c2060696e5f6964656e74697479602c2060696e5f6664617465602c2060696e5f6c64617465602c2060696e5f6c696e6b5f6465736372697074696f6e602c2060696e5f6e6f74696365602c2060696e5f636f5f6e616d65602c2060696e5f70725f6e616d65602c2060696e5f637265617465645f6279602c2060696e5f6c696e6b602c2060696e5f75735f6964602c2060696e5f636c5f6964602c2060696e5f637265617465645f617460292056414c55455320282734272c20273438272c202768686868272c2027323031372d30342d3132272c2027323031372d30342d3232272c2027272c2027272c20274c494e4b34272c20274c2d34272c202731272c202735353566616663653966643232356138613037653763653938636562666439382e4a5047272c202731272c202736272c2027323031372d30342d31342031333a32353a35362729223b64656c6574657c733a3231313a225550444154452060696e737572616e63657360205345542060696e5f64656c657465645f617460203d2043415345200a5748454e2060696e5f696460203d2027343327205448454e2027323031372d30342d31342031333a32363a3432270a454c53452060696e5f64656c657465645f61746020454e440a574845524520696e737572616e6365732e696e5f64656c657465645f6174204953204e554c4c0a414e442060696e737572616e636573602e60696e5f696460203d20273433270a414e442060696e5f69646020494e282734332729223b),
('kdimqu684a9du2plt9cmclu8jtfj93h7', '::1', 1492169165, 0x5f5f63695f6c6173745f726567656e65726174657c693a313439323136393136353b6572726f727c733a34373a2257796c6f676f77616e6f2075c5bc79746b6f776e696b612c207a616c6f67756a207369c49920706f6e6f776e69652e223b5f5f63695f766172737c613a313a7b733a353a226572726f72223b733a333a226f6c64223b7d),
('udo3rgha47vq5q1qq91ajp35hjhbbuq3', '::1', 1492169488, 0x5f5f63695f6c6173745f726567656e65726174657c693a313439323136393233303b75735f69647c733a313a2231223b75735f666e616d657c733a343a2244617275223b75735f6c6e616d657c733a353a22536d617275223b75735f656d61696c7c733a363a226440642e6465223b6167656e747c733a37333a224d6f7a696c6c612f352e30202857696e646f7773204e542031302e303b20574f5736343b2072763a35322e3029204765636b6f2f32303130303130312046697265666f782f35322e30223b6c6f67676564696e7c623a313b6372656174657c733a3338303a22494e5345525420494e544f2060696e737572616e63657360202860696e5f636f5f6964602c2060696e5f70725f6964602c2060696e5f6964656e74697479602c2060696e5f6664617465602c2060696e5f6c64617465602c2060696e5f6c696e6b5f6465736372697074696f6e602c2060696e5f6e6f74696365602c2060696e5f636f5f6e616d65602c2060696e5f70725f6e616d65602c2060696e5f637265617465645f6279602c2060696e5f6c696e6b602c2060696e5f75735f6964602c2060696e5f636c5f6964602c2060696e5f637265617465645f617460292056414c55455320282731272c202732272c202761737361272c2027323031372d30332d3238272c2027323031372d30342d3133272c2027272c2027272c2027505a55272c20274143204175746f35272c202731272c202765363666346166383237643734386238326166393531386533366535376337342e6a7067272c202731272c202736272c2027323031372d30342d31342031333a33313a31322729223b64656c6574657c733a3231313a225550444154452060696e737572616e63657360205345542060696e5f64656c657465645f617460203d2043415345200a5748454e2060696e5f696460203d2027343527205448454e2027323031372d30342d31342031333a33313a3237270a454c53452060696e5f64656c657465645f61746020454e440a574845524520696e737572616e6365732e696e5f64656c657465645f6174204953204e554c4c0a414e442060696e737572616e636573602e60696e5f696460203d20273435270a414e442060696e5f69646020494e282734352729223b),
('in31qh4u6pie057r7tmvtel9381ffe5c', '::1', 1492169674, 0x5f5f63695f6c6173745f726567656e65726174657c693a313439323136393637333b6572726f727c733a34373a2257796c6f676f77616e6f2075c5bc79746b6f776e696b612c207a616c6f67756a207369c49920706f6e6f776e69652e223b5f5f63695f766172737c613a313a7b733a353a226572726f72223b733a333a226f6c64223b7d);
INSERT INTO `sessions` (`id`, `ip_address`, `timestamp`, `data`) VALUES
('ij69ho8g40m5nfng1ta5l6p1k47vdvhe', '::1', 1492543948, 0x5f5f63695f6c6173745f726567656e65726174657c693a313439323534333930323b75735f69647c733a313a2231223b75735f666e616d657c733a343a2244617275223b75735f6c6e616d657c733a353a22536d617275223b75735f656d61696c7c733a363a226440642e6465223b6167656e747c733a37333a224d6f7a696c6c612f352e30202857696e646f7773204e542031302e303b20574f5736343b2072763a35322e3029204765636b6f2f32303130303130312046697265666f782f35322e30223b6c6f67676564696e7c623a313b6372656174657c733a3339323a22494e5345525420494e544f2060696e737572616e63657360202860696e5f636f5f6964602c2060696e5f70725f6964602c2060696e5f6964656e74697479602c2060696e5f6664617465602c2060696e5f6c64617465602c2060696e5f6c696e6b5f6465736372697074696f6e602c2060696e5f6e6f74696365602c2060696e5f636f5f6e616d65602c2060696e5f70725f6e616d65602c2060696e5f637265617465645f6279602c2060696e5f6c696e6b602c2060696e5f75735f6964602c2060696e5f636c5f6964602c2060696e5f637265617465645f617460292056414c55455320282732272c202734272c20276b6c6f70272c2027323031372d30342d3139272c2027323031372d30342d3230272c20273a29272c20273a292929272c2027484553544941272c202754757279737479637a6e61272c202731272c202761316666306531363063643065613037393061393162363937303232393566302e6a7067272c202731272c202736272c2027323031372d30342d31382032313a33323a31332729223b),
('80dbgobqq232bu4l3qv8omsicol6b38l', '::1', 1492586589, 0x5f5f63695f6c6173745f726567656e65726174657c693a313439323538363531353b75735f69647c733a313a2231223b75735f666e616d657c733a343a2244617275223b75735f6c6e616d657c733a353a22536d617275223b75735f656d61696c7c733a363a226440642e6465223b6167656e747c733a37333a224d6f7a696c6c612f352e30202857696e646f7773204e542031302e303b20574f5736343b2072763a35322e3029204765636b6f2f32303130303130312046697265666f782f35322e30223b6c6f67676564696e7c623a313b7570646174657c733a3130393a225550444154452060696e737572616e63657360205345542060696e5f6e6f7469636560203d20273a292929204c28272c2060696e5f757064617465645f617460203d2027323031372d30342d31392030393a32333a3039270a57484552452060696e5f696460203d2027343627223b),
('aamipnseh8n7dn8apapffof8kcomahs5', '::1', 1492590726, 0x5f5f63695f6c6173745f726567656e65726174657c693a313439323539303731323b75735f69647c733a313a2231223b75735f666e616d657c733a343a2244617275223b75735f6c6e616d657c733a353a22536d617275223b75735f656d61696c7c733a363a226440642e6465223b6167656e747c733a37333a224d6f7a696c6c612f352e30202857696e646f7773204e542031302e303b20574f5736343b2072763a35322e3029204765636b6f2f32303130303130312046697265666f782f35322e30223b6c6f67676564696e7c623a313b7570646174657c733a3130393a225550444154452060696e737572616e63657360205345542060696e5f6e6f7469636560203d20273a292929204c28272c2060696e5f757064617465645f617460203d2027323031372d30342d31392030393a32333a3039270a57484552452060696e5f696460203d2027343627223b),
('07muo4dfqk3d2f5r9nl2dos1itgbts62', '::1', 1492592860, 0x5f5f63695f6c6173745f726567656e65726174657c693a313439323539323130353b75735f69647c733a313a2231223b75735f666e616d657c733a343a2244617275223b75735f6c6e616d657c733a353a22536d617275223b75735f656d61696c7c733a363a226440642e6465223b6167656e747c733a37333a224d6f7a696c6c612f352e30202857696e646f7773204e542031302e303b20574f5736343b2072763a35322e3029204765636b6f2f32303130303130312046697265666f782f35322e30223b6c6f67676564696e7c623a313b7570646174657c733a3130393a225550444154452060696e737572616e63657360205345542060696e5f6e6f7469636560203d20273a292929204c28272c2060696e5f757064617465645f617460203d2027323031372d30342d31392030393a32333a3039270a57484552452060696e5f696460203d2027343627223b6372656174657c733a3431303a22494e5345525420494e544f2060696e737572616e63657360202860696e5f636f5f6964602c2060696e5f70725f6964602c2060696e5f6964656e74697479602c2060696e5f6664617465602c2060696e5f6c64617465602c2060696e5f6c696e6b5f6465736372697074696f6e602c2060696e5f6e6f74696365602c2060696e5f636f5f6e616d65602c2060696e5f70725f6e616d65602c2060696e5f637265617465645f6279602c2060696e5f6c696e6b602c2060696e5f75735f6964602c2060696e5f636c5f6964602c2060696e5f637265617465645f617460292056414c55455320282734272c20273438272c20275072616361272c2027323031372d30342d3138272c2027323031372d30342d3232272c202774616b61207365272c20274b6c69656e7420617761747572756ac4856379207369c499272c20274c494e4b34272c20274c2d34272c202731272c202731336363363665343230646532613964373733663764656133656239626535642e706466272c202731272c202736272c2027323031372d30342d31392031303a35353a35342729223b),
('oelfeg47m36ct11d1e1hmofn7lmijgqa', '::1', 1492592971, 0x5f5f63695f6c6173745f726567656e65726174657c693a313439323539323839393b75735f69647c733a313a2231223b75735f666e616d657c733a343a2244617275223b75735f6c6e616d657c733a353a22536d617275223b75735f656d61696c7c733a363a226440642e6465223b6167656e747c733a37333a224d6f7a696c6c612f352e30202857696e646f7773204e542031302e303b20574f5736343b2072763a35322e3029204765636b6f2f32303130303130312046697265666f782f35322e30223b6c6f67676564696e7c623a313b7570646174657c733a3130393a225550444154452060696e737572616e63657360205345542060696e5f6e6f7469636560203d20273a292929204c28272c2060696e5f757064617465645f617460203d2027323031372d30342d31392030393a32333a3039270a57484552452060696e5f696460203d2027343627223b6372656174657c733a3431303a22494e5345525420494e544f2060696e737572616e63657360202860696e5f636f5f6964602c2060696e5f70725f6964602c2060696e5f6964656e74697479602c2060696e5f6664617465602c2060696e5f6c64617465602c2060696e5f6c696e6b5f6465736372697074696f6e602c2060696e5f6e6f74696365602c2060696e5f636f5f6e616d65602c2060696e5f70725f6e616d65602c2060696e5f637265617465645f6279602c2060696e5f6c696e6b602c2060696e5f75735f6964602c2060696e5f636c5f6964602c2060696e5f637265617465645f617460292056414c55455320282734272c20273438272c20275072616361272c2027323031372d30342d3138272c2027323031372d30342d3232272c202774616b61207365272c20274b6c69656e7420617761747572756ac4856379207369c499272c20274c494e4b34272c20274c2d34272c202731272c202731336363363665343230646532613964373733663764656133656239626535642e706466272c202731272c202736272c2027323031372d30342d31392031303a35353a35342729223b),
('vl3asg2i680vu83ehadkc7o8vm7he4vh', '::1', 1492593325, 0x5f5f63695f6c6173745f726567656e65726174657c693a313439323539333330373b75735f69647c733a313a2231223b75735f666e616d657c733a343a2244617275223b75735f6c6e616d657c733a353a22536d617275223b75735f656d61696c7c733a363a226440642e6465223b6167656e747c733a37333a224d6f7a696c6c612f352e30202857696e646f7773204e542031302e303b20574f5736343b2072763a35322e3029204765636b6f2f32303130303130312046697265666f782f35322e30223b6c6f67676564696e7c623a313b7570646174657c733a3130393a225550444154452060696e737572616e63657360205345542060696e5f6e6f7469636560203d20273a292929204c28272c2060696e5f757064617465645f617460203d2027323031372d30342d31392030393a32333a3039270a57484552452060696e5f696460203d2027343627223b6372656174657c733a3431303a22494e5345525420494e544f2060696e737572616e63657360202860696e5f636f5f6964602c2060696e5f70725f6964602c2060696e5f6964656e74697479602c2060696e5f6664617465602c2060696e5f6c64617465602c2060696e5f6c696e6b5f6465736372697074696f6e602c2060696e5f6e6f74696365602c2060696e5f636f5f6e616d65602c2060696e5f70725f6e616d65602c2060696e5f637265617465645f6279602c2060696e5f6c696e6b602c2060696e5f75735f6964602c2060696e5f636c5f6964602c2060696e5f637265617465645f617460292056414c55455320282734272c20273438272c20275072616361272c2027323031372d30342d3138272c2027323031372d30342d3232272c202774616b61207365272c20274b6c69656e7420617761747572756ac4856379207369c499272c20274c494e4b34272c20274c2d34272c202731272c202731336363363665343230646532613964373733663764656133656239626535642e706466272c202731272c202736272c2027323031372d30342d31392031303a35353a35342729223b64656c6574657c733a3231313a225550444154452060696e737572616e63657360205345542060696e5f64656c657465645f617460203d2043415345200a5748454e2060696e5f696460203d2027343627205448454e2027323031372d30342d31392031313a31353a3235270a454c53452060696e5f64656c657465645f61746020454e440a574845524520696e737572616e6365732e696e5f64656c657465645f6174204953204e554c4c0a414e442060696e737572616e636573602e60696e5f696460203d20273436270a414e442060696e5f69646020494e282734362729223b),
('rve9ulphbe887s515g3i340db80j8gld', '::1', 1492594960, 0x5f5f63695f6c6173745f726567656e65726174657c693a313439323539343936303b75735f69647c733a313a2231223b75735f666e616d657c733a343a2244617275223b75735f6c6e616d657c733a353a22536d617275223b75735f656d61696c7c733a363a226440642e6465223b6167656e747c733a37333a224d6f7a696c6c612f352e30202857696e646f7773204e542031302e303b20574f5736343b2072763a35322e3029204765636b6f2f32303130303130312046697265666f782f35322e30223b6c6f67676564696e7c623a313b7570646174657c733a3130393a225550444154452060696e737572616e63657360205345542060696e5f6e6f7469636560203d20273a292929204c28272c2060696e5f757064617465645f617460203d2027323031372d30342d31392030393a32333a3039270a57484552452060696e5f696460203d2027343627223b6372656174657c733a3431303a22494e5345525420494e544f2060696e737572616e63657360202860696e5f636f5f6964602c2060696e5f70725f6964602c2060696e5f6964656e74697479602c2060696e5f6664617465602c2060696e5f6c64617465602c2060696e5f6c696e6b5f6465736372697074696f6e602c2060696e5f6e6f74696365602c2060696e5f636f5f6e616d65602c2060696e5f70725f6e616d65602c2060696e5f637265617465645f6279602c2060696e5f6c696e6b602c2060696e5f75735f6964602c2060696e5f636c5f6964602c2060696e5f637265617465645f617460292056414c55455320282734272c20273438272c20275072616361272c2027323031372d30342d3138272c2027323031372d30342d3232272c202774616b61207365272c20274b6c69656e7420617761747572756ac4856379207369c499272c20274c494e4b34272c20274c2d34272c202731272c202731336363363665343230646532613964373733663764656133656239626535642e706466272c202731272c202736272c2027323031372d30342d31392031303a35353a35342729223b64656c6574657c733a3231313a225550444154452060696e737572616e63657360205345542060696e5f64656c657465645f617460203d2043415345200a5748454e2060696e5f696460203d2027343627205448454e2027323031372d30342d31392031313a31353a3235270a454c53452060696e5f64656c657465645f61746020454e440a574845524520696e737572616e6365732e696e5f64656c657465645f6174204953204e554c4c0a414e442060696e737572616e636573602e60696e5f696460203d20273436270a414e442060696e5f69646020494e282734362729223b),
('v5ithuhf6q3l2si78qncj9fpfljr8k2a', '::1', 1492597138, 0x5f5f63695f6c6173745f726567656e65726174657c693a313439323539363834323b75735f69647c733a313a2231223b75735f666e616d657c733a343a2244617275223b75735f6c6e616d657c733a353a22536d617275223b75735f656d61696c7c733a363a226440642e6465223b6167656e747c733a37333a224d6f7a696c6c612f352e30202857696e646f7773204e542031302e303b20574f5736343b2072763a35322e3029204765636b6f2f32303130303130312046697265666f782f35322e30223b6c6f67676564696e7c623a313b7570646174657c733a3134373a225550444154452060696e737572616e63657360205345542060696e5f6c696e6b5f6465736372697074696f6e60203d202774616b61207365206b756c6b61206c616c612066697575757520737275206920647570272c2060696e5f757064617465645f617460203d2027323031372d30342d31392031323a31373a3535270a57484552452060696e5f696460203d2027343727223b6372656174657c733a3431303a22494e5345525420494e544f2060696e737572616e63657360202860696e5f636f5f6964602c2060696e5f70725f6964602c2060696e5f6964656e74697479602c2060696e5f6664617465602c2060696e5f6c64617465602c2060696e5f6c696e6b5f6465736372697074696f6e602c2060696e5f6e6f74696365602c2060696e5f636f5f6e616d65602c2060696e5f70725f6e616d65602c2060696e5f637265617465645f6279602c2060696e5f6c696e6b602c2060696e5f75735f6964602c2060696e5f636c5f6964602c2060696e5f637265617465645f617460292056414c55455320282734272c20273438272c20275072616361272c2027323031372d30342d3138272c2027323031372d30342d3232272c202774616b61207365272c20274b6c69656e7420617761747572756ac4856379207369c499272c20274c494e4b34272c20274c2d34272c202731272c202731336363363665343230646532613964373733663764656133656239626535642e706466272c202731272c202736272c2027323031372d30342d31392031303a35353a35342729223b64656c6574657c733a3231313a225550444154452060696e737572616e63657360205345542060696e5f64656c657465645f617460203d2043415345200a5748454e2060696e5f696460203d2027343627205448454e2027323031372d30342d31392031313a31353a3235270a454c53452060696e5f64656c657465645f61746020454e440a574845524520696e737572616e6365732e696e5f64656c657465645f6174204953204e554c4c0a414e442060696e737572616e636573602e60696e5f696460203d20273436270a414e442060696e5f69646020494e282734362729223b),
('4ovlb9rv9rpfpcssn6duc6h4f3ngf6dr', '::1', 1492597352, 0x5f5f63695f6c6173745f726567656e65726174657c693a313439323539373135303b75735f69647c733a313a2231223b75735f666e616d657c733a343a2244617275223b75735f6c6e616d657c733a353a22536d617275223b75735f656d61696c7c733a363a226440642e6465223b6167656e747c733a37333a224d6f7a696c6c612f352e30202857696e646f7773204e542031302e303b20574f5736343b2072763a35322e3029204765636b6f2f32303130303130312046697265666f782f35322e30223b6c6f67676564696e7c623a313b7570646174657c733a3134373a225550444154452060696e737572616e63657360205345542060696e5f6c696e6b5f6465736372697074696f6e60203d202774616b61207365206b756c6b61206c616c612066697575757520737275206920647570272c2060696e5f757064617465645f617460203d2027323031372d30342d31392031323a31373a3535270a57484552452060696e5f696460203d2027343727223b6372656174657c733a3431303a22494e5345525420494e544f2060696e737572616e63657360202860696e5f636f5f6964602c2060696e5f70725f6964602c2060696e5f6964656e74697479602c2060696e5f6664617465602c2060696e5f6c64617465602c2060696e5f6c696e6b5f6465736372697074696f6e602c2060696e5f6e6f74696365602c2060696e5f636f5f6e616d65602c2060696e5f70725f6e616d65602c2060696e5f637265617465645f6279602c2060696e5f6c696e6b602c2060696e5f75735f6964602c2060696e5f636c5f6964602c2060696e5f637265617465645f617460292056414c55455320282734272c20273438272c20275072616361272c2027323031372d30342d3138272c2027323031372d30342d3232272c202774616b61207365272c20274b6c69656e7420617761747572756ac4856379207369c499272c20274c494e4b34272c20274c2d34272c202731272c202731336363363665343230646532613964373733663764656133656239626535642e706466272c202731272c202736272c2027323031372d30342d31392031303a35353a35342729223b64656c6574657c733a3231313a225550444154452060696e737572616e63657360205345542060696e5f64656c657465645f617460203d2043415345200a5748454e2060696e5f696460203d2027343627205448454e2027323031372d30342d31392031313a31353a3235270a454c53452060696e5f64656c657465645f61746020454e440a574845524520696e737572616e6365732e696e5f64656c657465645f6174204953204e554c4c0a414e442060696e737572616e636573602e60696e5f696460203d20273436270a414e442060696e5f69646020494e282734362729223b),
('ouel73nu4tdf9f5ttbla82i2q6go22ok', '::1', 1492597806, 0x5f5f63695f6c6173745f726567656e65726174657c693a313439323539373533343b75735f69647c733a313a2231223b75735f666e616d657c733a343a2244617275223b75735f6c6e616d657c733a353a22536d617275223b75735f656d61696c7c733a363a226440642e6465223b6167656e747c733a37333a224d6f7a696c6c612f352e30202857696e646f7773204e542031302e303b20574f5736343b2072763a35322e3029204765636b6f2f32303130303130312046697265666f782f35322e30223b6c6f67676564696e7c623a313b7570646174657c733a3134373a225550444154452060696e737572616e63657360205345542060696e5f6c696e6b5f6465736372697074696f6e60203d202774616b61207365206b756c6b61206c616c612066697575757520737275206920647570272c2060696e5f757064617465645f617460203d2027323031372d30342d31392031323a31373a3535270a57484552452060696e5f696460203d2027343727223b6372656174657c733a3431303a22494e5345525420494e544f2060696e737572616e63657360202860696e5f636f5f6964602c2060696e5f70725f6964602c2060696e5f6964656e74697479602c2060696e5f6664617465602c2060696e5f6c64617465602c2060696e5f6c696e6b5f6465736372697074696f6e602c2060696e5f6e6f74696365602c2060696e5f636f5f6e616d65602c2060696e5f70725f6e616d65602c2060696e5f637265617465645f6279602c2060696e5f6c696e6b602c2060696e5f75735f6964602c2060696e5f636c5f6964602c2060696e5f637265617465645f617460292056414c55455320282734272c20273438272c20275072616361272c2027323031372d30342d3138272c2027323031372d30342d3232272c202774616b61207365272c20274b6c69656e7420617761747572756ac4856379207369c499272c20274c494e4b34272c20274c2d34272c202731272c202731336363363665343230646532613964373733663764656133656239626535642e706466272c202731272c202736272c2027323031372d30342d31392031303a35353a35342729223b64656c6574657c733a3231313a225550444154452060696e737572616e63657360205345542060696e5f64656c657465645f617460203d2043415345200a5748454e2060696e5f696460203d2027343627205448454e2027323031372d30342d31392031313a31353a3235270a454c53452060696e5f64656c657465645f61746020454e440a574845524520696e737572616e6365732e696e5f64656c657465645f6174204953204e554c4c0a414e442060696e737572616e636573602e60696e5f696460203d20273436270a414e442060696e5f69646020494e282734362729223b),
('7dga67f6hg57crpekfatpeur86bvc52d', '::1', 1492598161, 0x5f5f63695f6c6173745f726567656e65726174657c693a313439323539373836303b75735f69647c733a313a2231223b75735f666e616d657c733a343a2244617275223b75735f6c6e616d657c733a353a22536d617275223b75735f656d61696c7c733a363a226440642e6465223b6167656e747c733a37333a224d6f7a696c6c612f352e30202857696e646f7773204e542031302e303b20574f5736343b2072763a35322e3029204765636b6f2f32303130303130312046697265666f782f35322e30223b6c6f67676564696e7c623a313b7570646174657c733a3134373a225550444154452060696e737572616e63657360205345542060696e5f6c696e6b5f6465736372697074696f6e60203d202774616b61207365206b756c6b61206c616c612066697575757520737275206920647570272c2060696e5f757064617465645f617460203d2027323031372d30342d31392031323a31373a3535270a57484552452060696e5f696460203d2027343727223b6372656174657c733a3338393a22494e5345525420494e544f2060696e737572616e63657360202860696e5f636f5f6964602c2060696e5f70725f6964602c2060696e5f6964656e74697479602c2060696e5f6664617465602c2060696e5f6c64617465602c2060696e5f6c696e6b5f6465736372697074696f6e602c2060696e5f6e6f74696365602c2060696e5f636f5f6e616d65602c2060696e5f70725f6e616d65602c2060696e5f637265617465645f6279602c2060696e5f6c696e6b602c2060696e5f75735f6964602c2060696e5f636c5f6964602c2060696e5f637265617465645f617460292056414c55455320282731272c202731272c202761736173272c2027323031372d30342d3034272c2027323031372d30342d3134272c2027617373617361272c202761737361272c2027505a55272c20274f43204175746f272c202731272c202736613330646534646530643037373665343039306461613666346534663565642e4a5047272c202731272c202736272c2027323031372d30342d31392031323a33363a30312729223b64656c6574657c733a3231313a225550444154452060696e737572616e63657360205345542060696e5f64656c657465645f617460203d2043415345200a5748454e2060696e5f696460203d2027343627205448454e2027323031372d30342d31392031313a31353a3235270a454c53452060696e5f64656c657465645f61746020454e440a574845524520696e737572616e6365732e696e5f64656c657465645f6174204953204e554c4c0a414e442060696e737572616e636573602e60696e5f696460203d20273436270a414e442060696e5f69646020494e282734362729223b),
('j1tv021616hcens72l5f151fp18ti4ue', '::1', 1492598169, 0x5f5f63695f6c6173745f726567656e65726174657c693a313439323539383136343b75735f69647c733a313a2231223b75735f666e616d657c733a343a2244617275223b75735f6c6e616d657c733a353a22536d617275223b75735f656d61696c7c733a363a226440642e6465223b6167656e747c733a37333a224d6f7a696c6c612f352e30202857696e646f7773204e542031302e303b20574f5736343b2072763a35322e3029204765636b6f2f32303130303130312046697265666f782f35322e30223b6c6f67676564696e7c623a313b7570646174657c733a3134373a225550444154452060696e737572616e63657360205345542060696e5f6c696e6b5f6465736372697074696f6e60203d202774616b61207365206b756c6b61206c616c612066697575757520737275206920647570272c2060696e5f757064617465645f617460203d2027323031372d30342d31392031323a31373a3535270a57484552452060696e5f696460203d2027343727223b6372656174657c733a3338393a22494e5345525420494e544f2060696e737572616e63657360202860696e5f636f5f6964602c2060696e5f70725f6964602c2060696e5f6964656e74697479602c2060696e5f6664617465602c2060696e5f6c64617465602c2060696e5f6c696e6b5f6465736372697074696f6e602c2060696e5f6e6f74696365602c2060696e5f636f5f6e616d65602c2060696e5f70725f6e616d65602c2060696e5f637265617465645f6279602c2060696e5f6c696e6b602c2060696e5f75735f6964602c2060696e5f636c5f6964602c2060696e5f637265617465645f617460292056414c55455320282731272c202731272c202761736173272c2027323031372d30342d3034272c2027323031372d30342d3134272c2027617373617361272c202761737361272c2027505a55272c20274f43204175746f272c202731272c202736613330646534646530643037373665343039306461613666346534663565642e4a5047272c202731272c202736272c2027323031372d30342d31392031323a33363a30312729223b64656c6574657c733a3231313a225550444154452060696e737572616e63657360205345542060696e5f64656c657465645f617460203d2043415345200a5748454e2060696e5f696460203d2027343627205448454e2027323031372d30342d31392031313a31353a3235270a454c53452060696e5f64656c657465645f61746020454e440a574845524520696e737572616e6365732e696e5f64656c657465645f6174204953204e554c4c0a414e442060696e737572616e636573602e60696e5f696460203d20273436270a414e442060696e5f69646020494e282734362729223b),
('b4m7fsvpdpam5grusuer9ru0tnfjvfmq', '::1', 1492599544, 0x5f5f63695f6c6173745f726567656e65726174657c693a313439323539383630333b75735f69647c733a313a2231223b75735f666e616d657c733a343a2244617275223b75735f6c6e616d657c733a353a22536d617275223b75735f656d61696c7c733a363a226440642e6465223b6167656e747c733a37333a224d6f7a696c6c612f352e30202857696e646f7773204e542031302e303b20574f5736343b2072763a35322e3029204765636b6f2f32303130303130312046697265666f782f35322e30223b6c6f67676564696e7c623a313b7570646174657c733a3136343a225550444154452060696e737572616e63657360205345542060696e5f6c696e6b60203d202763623764323639303162363039356162663533336538343766643965643666662e6a7067272c2060696e5f6c696e6b5f6465736372697074696f6e60203d2027272c2060696e5f757064617465645f617460203d2027323031372d30342d31392031323a35393a3034270a57484552452060696e5f696460203d2027343727223b6372656174657c733a3338393a22494e5345525420494e544f2060696e737572616e63657360202860696e5f636f5f6964602c2060696e5f70725f6964602c2060696e5f6964656e74697479602c2060696e5f6664617465602c2060696e5f6c64617465602c2060696e5f6c696e6b5f6465736372697074696f6e602c2060696e5f6e6f74696365602c2060696e5f636f5f6e616d65602c2060696e5f70725f6e616d65602c2060696e5f637265617465645f6279602c2060696e5f6c696e6b602c2060696e5f75735f6964602c2060696e5f636c5f6964602c2060696e5f637265617465645f617460292056414c55455320282731272c202731272c202761736173272c2027323031372d30342d3034272c2027323031372d30342d3134272c2027617373617361272c202761737361272c2027505a55272c20274f43204175746f272c202731272c202736613330646534646530643037373665343039306461613666346534663565642e4a5047272c202731272c202736272c2027323031372d30342d31392031323a33363a30312729223b64656c6574657c733a3231313a225550444154452060696e737572616e63657360205345542060696e5f64656c657465645f617460203d2043415345200a5748454e2060696e5f696460203d2027343627205448454e2027323031372d30342d31392031313a31353a3235270a454c53452060696e5f64656c657465645f61746020454e440a574845524520696e737572616e6365732e696e5f64656c657465645f6174204953204e554c4c0a414e442060696e737572616e636573602e60696e5f696460203d20273436270a414e442060696e5f69646020494e282734362729223b),
('ua1408b4pd0ph68vb11sj44eig9t43hg', '::1', 1492599821, 0x5f5f63695f6c6173745f726567656e65726174657c693a313439323539393534393b75735f69647c733a313a2231223b75735f666e616d657c733a343a2244617275223b75735f6c6e616d657c733a353a22536d617275223b75735f656d61696c7c733a363a226440642e6465223b6167656e747c733a37333a224d6f7a696c6c612f352e30202857696e646f7773204e542031302e303b20574f5736343b2072763a35322e3029204765636b6f2f32303130303130312046697265666f782f35322e30223b6c6f67676564696e7c623a313b7570646174657c733a3136343a225550444154452060696e737572616e63657360205345542060696e5f6c696e6b60203d202737383239313134373431366663386264656464343730336134363934636637632e706e67272c2060696e5f6c696e6b5f6465736372697074696f6e60203d2027272c2060696e5f757064617465645f617460203d2027323031372d30342d31392031333a30333a3336270a57484552452060696e5f696460203d2027343727223b6372656174657c733a3338393a22494e5345525420494e544f2060696e737572616e63657360202860696e5f636f5f6964602c2060696e5f70725f6964602c2060696e5f6964656e74697479602c2060696e5f6664617465602c2060696e5f6c64617465602c2060696e5f6c696e6b5f6465736372697074696f6e602c2060696e5f6e6f74696365602c2060696e5f636f5f6e616d65602c2060696e5f70725f6e616d65602c2060696e5f637265617465645f6279602c2060696e5f6c696e6b602c2060696e5f75735f6964602c2060696e5f636c5f6964602c2060696e5f637265617465645f617460292056414c55455320282731272c202731272c202761736173272c2027323031372d30342d3034272c2027323031372d30342d3134272c2027617373617361272c202761737361272c2027505a55272c20274f43204175746f272c202731272c202736613330646534646530643037373665343039306461613666346534663565642e4a5047272c202731272c202736272c2027323031372d30342d31392031323a33363a30312729223b64656c6574657c733a3231313a225550444154452060696e737572616e63657360205345542060696e5f64656c657465645f617460203d2043415345200a5748454e2060696e5f696460203d2027343627205448454e2027323031372d30342d31392031313a31353a3235270a454c53452060696e5f64656c657465645f61746020454e440a574845524520696e737572616e6365732e696e5f64656c657465645f6174204953204e554c4c0a414e442060696e737572616e636573602e60696e5f696460203d20273436270a414e442060696e5f69646020494e282734362729223b),
('rrlchthusg0ilrdrn5nrnglo7pggkq6b', '::1', 1492600090, 0x5f5f63695f6c6173745f726567656e65726174657c693a313439323630303036333b75735f69647c733a313a2231223b75735f666e616d657c733a343a2244617275223b75735f6c6e616d657c733a353a22536d617275223b75735f656d61696c7c733a363a226440642e6465223b6167656e747c733a37333a224d6f7a696c6c612f352e30202857696e646f7773204e542031302e303b20574f5736343b2072763a35322e3029204765636b6f2f32303130303130312046697265666f782f35322e30223b6c6f67676564696e7c623a313b7570646174657c733a3136343a225550444154452060696e737572616e63657360205345542060696e5f6c696e6b60203d202737383239313134373431366663386264656464343730336134363934636637632e706e67272c2060696e5f6c696e6b5f6465736372697074696f6e60203d2027272c2060696e5f757064617465645f617460203d2027323031372d30342d31392031333a30333a3336270a57484552452060696e5f696460203d2027343727223b6372656174657c733a3338393a22494e5345525420494e544f2060696e737572616e63657360202860696e5f636f5f6964602c2060696e5f70725f6964602c2060696e5f6964656e74697479602c2060696e5f6664617465602c2060696e5f6c64617465602c2060696e5f6c696e6b5f6465736372697074696f6e602c2060696e5f6e6f74696365602c2060696e5f636f5f6e616d65602c2060696e5f70725f6e616d65602c2060696e5f637265617465645f6279602c2060696e5f6c696e6b602c2060696e5f75735f6964602c2060696e5f636c5f6964602c2060696e5f637265617465645f617460292056414c55455320282731272c202731272c202761736173272c2027323031372d30342d3034272c2027323031372d30342d3134272c2027617373617361272c202761737361272c2027505a55272c20274f43204175746f272c202731272c202736613330646534646530643037373665343039306461613666346534663565642e4a5047272c202731272c202736272c2027323031372d30342d31392031323a33363a30312729223b64656c6574657c733a3231313a225550444154452060696e737572616e63657360205345542060696e5f64656c657465645f617460203d2043415345200a5748454e2060696e5f696460203d2027343627205448454e2027323031372d30342d31392031313a31353a3235270a454c53452060696e5f64656c657465645f61746020454e440a574845524520696e737572616e6365732e696e5f64656c657465645f6174204953204e554c4c0a414e442060696e737572616e636573602e60696e5f696460203d20273436270a414e442060696e5f69646020494e282734362729223b),
('4hkorsbns8744v7ij4ah3ksa6qr0v2b4', '::1', 1492600627, 0x5f5f63695f6c6173745f726567656e65726174657c693a313439323630303338303b75735f69647c733a313a2231223b75735f666e616d657c733a343a2244617275223b75735f6c6e616d657c733a353a22536d617275223b75735f656d61696c7c733a363a226440642e6465223b6167656e747c733a37333a224d6f7a696c6c612f352e30202857696e646f7773204e542031302e303b20574f5736343b2072763a35322e3029204765636b6f2f32303130303130312046697265666f782f35322e30223b6c6f67676564696e7c623a313b7570646174657c733a3133323a225550444154452060696e737572616e63657360205345542060696e5f6c696e6b5f6465736372697074696f6e60203d2027636f6d626572203220666f746b692072617a656d272c2060696e5f757064617465645f617460203d2027323031372d30342d31392031333a31373a3037270a57484552452060696e5f696460203d2027343727223b6372656174657c733a3338393a22494e5345525420494e544f2060696e737572616e63657360202860696e5f636f5f6964602c2060696e5f70725f6964602c2060696e5f6964656e74697479602c2060696e5f6664617465602c2060696e5f6c64617465602c2060696e5f6c696e6b5f6465736372697074696f6e602c2060696e5f6e6f74696365602c2060696e5f636f5f6e616d65602c2060696e5f70725f6e616d65602c2060696e5f637265617465645f6279602c2060696e5f6c696e6b602c2060696e5f75735f6964602c2060696e5f636c5f6964602c2060696e5f637265617465645f617460292056414c55455320282731272c202731272c202761736173272c2027323031372d30342d3034272c2027323031372d30342d3134272c2027617373617361272c202761737361272c2027505a55272c20274f43204175746f272c202731272c202736613330646534646530643037373665343039306461613666346534663565642e4a5047272c202731272c202736272c2027323031372d30342d31392031323a33363a30312729223b64656c6574657c733a3231313a225550444154452060696e737572616e63657360205345542060696e5f64656c657465645f617460203d2043415345200a5748454e2060696e5f696460203d2027343627205448454e2027323031372d30342d31392031313a31353a3235270a454c53452060696e5f64656c657465645f61746020454e440a574845524520696e737572616e6365732e696e5f64656c657465645f6174204953204e554c4c0a414e442060696e737572616e636573602e60696e5f696460203d20273436270a414e442060696e5f69646020494e282734362729223b),
('adto0so4o1hmes3m2np0cleosu50iukr', '::1', 1492601365, 0x5f5f63695f6c6173745f726567656e65726174657c693a313439323630313336323b75735f69647c733a313a2231223b75735f666e616d657c733a343a2244617275223b75735f6c6e616d657c733a353a22536d617275223b75735f656d61696c7c733a363a226440642e6465223b6167656e747c733a37333a224d6f7a696c6c612f352e30202857696e646f7773204e542031302e303b20574f5736343b2072763a35322e3029204765636b6f2f32303130303130312046697265666f782f35322e30223b6c6f67676564696e7c623a313b);

-- --------------------------------------------------------

--
-- Struktura tabeli dla tabeli `users`
--

CREATE TABLE `users` (
  `us_id` int(11) UNSIGNED NOT NULL,
  `us_fname` varchar(255) NOT NULL,
  `us_lname` varchar(255) NOT NULL,
  `us_email` varchar(255) NOT NULL,
  `us_pass` varchar(255) NOT NULL
) ENGINE=InnoDB DEFAULT CHARSET=latin1;

--
-- Zrzut danych tabeli `users`
--

INSERT INTO `users` (`us_id`, `us_fname`, `us_lname`, `us_email`, `us_pass`) VALUES
(1, 'Daru', 'Smaru', 'd@d.de', '3c080586c175add1cf4ce608d07371f7d84a960e502cd4380e4e28e2a24997a79e31397e237027dc522196f5818c9dc76dc4c9d0b6bcc2528ba8d3a6b75da420');

--
-- Indeksy dla zrzutów tabel
--

--
-- Indexes for table `clients`
--
ALTER TABLE `clients`
  ADD PRIMARY KEY (`cl_id`);

--
-- Indexes for table `companies`
--
ALTER TABLE `companies`
  ADD PRIMARY KEY (`co_id`);

--
-- Indexes for table `insurances`
--
ALTER TABLE `insurances`
  ADD PRIMARY KEY (`in_id`);

--
-- Indexes for table `products`
--
ALTER TABLE `products`
  ADD PRIMARY KEY (`pr_id`);

--
-- Indexes for table `sessions`
--
ALTER TABLE `sessions`
  ADD KEY `ci_sessions_timestamp` (`timestamp`);

--
-- Indexes for table `users`
--
ALTER TABLE `users`
  ADD PRIMARY KEY (`us_id`);

--
-- AUTO_INCREMENT for dumped tables
--

--
-- AUTO_INCREMENT dla tabeli `clients`
--
ALTER TABLE `clients`
  MODIFY `cl_id` int(11) UNSIGNED NOT NULL AUTO_INCREMENT, AUTO_INCREMENT=16;
--
-- AUTO_INCREMENT dla tabeli `companies`
--
ALTER TABLE `companies`
  MODIFY `co_id` int(11) UNSIGNED NOT NULL AUTO_INCREMENT, AUTO_INCREMENT=15;
--
-- AUTO_INCREMENT dla tabeli `insurances`
--
ALTER TABLE `insurances`
  MODIFY `in_id` int(11) UNSIGNED NOT NULL AUTO_INCREMENT, AUTO_INCREMENT=49;
--
-- AUTO_INCREMENT dla tabeli `products`
--
ALTER TABLE `products`
  MODIFY `pr_id` int(11) UNSIGNED NOT NULL AUTO_INCREMENT, AUTO_INCREMENT=68;
--
-- AUTO_INCREMENT dla tabeli `users`
--
ALTER TABLE `users`
  MODIFY `us_id` int(11) UNSIGNED NOT NULL AUTO_INCREMENT, AUTO_INCREMENT=2;
/*!40101 SET CHARACTER_SET_CLIENT=@OLD_CHARACTER_SET_CLIENT */;
/*!40101 SET CHARACTER_SET_RESULTS=@OLD_CHARACTER_SET_RESULTS */;
/*!40101 SET COLLATION_CONNECTION=@OLD_COLLATION_CONNECTION */;
